City_ID,City,Lat,Lng,Max Temp,Humidity,Cloudiness,Wind Speed,Country,Date
0,Ushuaia,-54.8,-68.3,46.06,49,75,26.46,AR,2022-01-09 16:55:59
1,Meulaboh,4.1363,96.1285,76.91,87,100,3.15,ID,2022-01-09 16:58:57
2,Rikitea,-23.1203,-134.9692,77.99,76,100,19.84,PF,2022-01-09 16:58:57
3,Abu Samrah,35.3029,37.1841,55.24,59,10,2.93,SY,2022-01-09 16:58:58
4,Cockburn Town,21.4612,-71.1419,82.36,74,40,16.11,TC,2022-01-09 16:58:58
5,Punta Arenas,-53.15,-70.9167,51.91,54,75,16.11,CL,2022-01-09 16:58:58
6,Lujan,-34.5703,-59.105,86.04,20,10,8.08,AR,2022-01-09 16:58:58
7,Vaini,-21.2,-175.2,75.36,94,100,4.61,TO,2022-01-09 16:58:59
8,Hermanus,-34.4187,19.2345,82.9,81,99,10.56,ZA,2022-01-09 16:56:41
9,Port Blair,11.6667,92.75,79.21,71,34,8.84,IN,2022-01-09 16:58:59
10,Seymour,38.9592,-85.8903,42.85,88,100,11.99,US,2022-01-09 16:59:00
11,Guaruja,-23.9931,-46.2564,74.8,57,100,8.05,BR,2022-01-09 16:59:00
12,Bluff,-46.6,168.3333,57.79,97,100,6.6,NZ,2022-01-09 16:59:00
13,Muli,2.9167,73.5667,81.91,74,92,10.56,MV,2022-01-09 16:59:00
14,Mataura,-46.1927,168.8643,57.47,99,98,2.1,NZ,2022-01-09 16:59:01
15,Caravelas,-17.7125,-39.2481,81.0,85,100,8.1,BR,2022-01-09 16:59:01
16,Shetpe,44.1667,52.1167,31.75,87,40,13.69,KZ,2022-01-09 16:59:01
17,Sorland,67.667,12.6934,33.66,68,10,13.18,NO,2022-01-09 16:59:02
18,Marfino,55.7028,37.3822,21.34,85,100,8.95,RU,2022-01-09 16:59:02
19,Arraial Do Cabo,-22.9661,-42.0278,73.36,88,75,4.61,BR,2022-01-09 16:59:02
20,San Luis,-33.295,-66.3356,96.42,17,54,6.26,AR,2022-01-09 16:59:03
21,Airai,-8.9266,125.4092,61.18,92,87,1.3,TL,2022-01-09 16:59:03
22,Haines Junction,60.7522,-137.5108,-20.25,69,100,2.3,CA,2022-01-09 16:59:03
23,Arica,-18.475,-70.3042,81.95,60,0,11.5,CL,2022-01-09 16:59:04
24,Marzuq,14.4,46.4667,65.57,41,35,2.73,YE,2022-01-09 16:59:04
25,Fairbanks,64.8378,-147.7164,-18.4,66,0,6.91,US,2022-01-09 16:56:01
26,Werneck,49.9833,10.1,38.35,90,100,8.08,DE,2022-01-09 16:59:04
27,Freeport,40.6576,-73.5832,42.39,67,99,14.0,US,2022-01-09 16:57:23
28,Gat,31.61,34.7642,59.68,31,100,11.77,IL,2022-01-09 16:59:05
29,Nikolskoye,59.7035,30.7861,24.69,98,97,3.47,RU,2022-01-09 16:59:05
30,Khandyga,62.6667,135.6,-40.36,99,94,0.34,RU,2022-01-09 16:59:05
31,Atuona,-9.8,-139.0333,78.55,75,67,20.2,PF,2022-01-09 16:55:57
32,Bafia,4.75,11.2333,85.75,39,98,5.08,CM,2022-01-09 16:59:06
33,Kautokeino,69.0125,23.0412,-8.55,99,54,2.48,NO,2022-01-09 16:59:06
34,Bandiagara,14.3501,-3.6104,83.03,7,8,9.69,ML,2022-01-09 16:54:17
35,Guozhen,34.3659,107.359,40.51,95,100,3.36,CN,2022-01-09 16:59:07
36,Ararat,39.8317,44.7049,28.74,64,3,3.31,AM,2022-01-09 16:59:07
37,Taylor,32.3001,-99.8337,45.54,56,100,13.0,US,2022-01-09 16:59:07
38,Kruisfontein,-34.0033,24.7314,77.59,68,0,12.73,ZA,2022-01-09 16:59:07
39,Jamestown,42.097,-79.2353,40.59,57,100,10.0,US,2022-01-09 16:57:06
40,Adrar,20.5022,-10.0711,70.05,8,90,15.95,MR,2022-01-09 16:59:08
41,Berdigestyakh,62.0989,126.6992,-34.11,100,98,2.33,RU,2022-01-09 16:59:08
42,Hay River,60.8156,-115.7999,-22.02,76,20,3.44,CA,2022-01-09 16:59:09
43,Wichita Falls,33.9137,-98.4934,43.16,54,100,17.27,US,2022-01-09 16:55:27
44,Talcahuano,-36.7167,-73.1167,65.88,72,75,14.97,CL,2022-01-09 16:59:09
45,Carnarvon,-24.8667,113.6333,73.47,73,0,19.57,AU,2022-01-09 16:59:09
46,Rivera,-30.9053,-55.5508,92.75,24,40,9.37,UY,2022-01-09 17:00:12
47,Altay,47.8667,88.1167,14.86,68,63,6.82,CN,2022-01-09 17:00:13
48,Qaqortoq,60.7167,-46.0333,16.3,87,100,1.61,GL,2022-01-09 17:00:14
49,Vila Velha,-20.3297,-40.2925,75.94,94,100,6.91,BR,2022-01-09 16:56:03
50,Totoral,-17.4053,-70.365,66.7,70,98,10.94,PE,2022-01-09 17:00:16
51,Aksu,41.1231,80.2644,25.03,46,100,1.34,CN,2022-01-09 17:00:18
52,Hobart,-42.8794,147.3294,60.66,87,100,6.91,AU,2022-01-09 16:58:22
53,Moskovskiy,55.5991,37.355,21.18,88,90,8.99,RU,2022-01-09 17:00:19
54,Lebu,-37.6167,-73.65,65.97,74,53,13.44,CL,2022-01-09 16:55:58
55,Avarua,-21.2078,-159.775,77.05,94,20,5.75,CK,2022-01-09 16:57:28
56,Hithadhoo,-0.6,73.0833,82.56,70,84,4.38,MV,2022-01-09 17:00:21
57,Chapais,49.7834,-74.8492,17.38,94,100,12.64,CA,2022-01-09 17:00:25
58,Torbay,47.6666,-52.7314,25.57,65,70,7.0,CA,2022-01-09 17:00:25
59,Guerrero Negro,27.9769,-114.0611,61.43,65,100,2.19,MX,2022-01-09 17:00:26
60,Kapaa,22.0752,-159.319,66.18,75,16,1.54,US,2022-01-09 17:00:27
61,East London,-33.0153,27.9116,75.74,83,5,26.06,ZA,2022-01-09 17:00:27
62,Busselton,-33.65,115.3333,57.09,73,24,11.54,AU,2022-01-09 17:00:28
63,Shache,38.4167,77.2406,27.03,47,84,3.36,CN,2022-01-09 17:00:28
64,Nanortalik,60.1432,-45.2371,19.08,84,100,29.48,GL,2022-01-09 17:00:28
65,Filadelfia,39.9523,-75.1638,39.43,79,75,5.99,US,2022-01-09 16:56:38
66,Skagen,57.7209,10.5839,36.09,97,100,26.46,DK,2022-01-09 17:00:29
67,Longyearbyen,78.2186,15.6401,24.64,93,75,4.61,SJ,2022-01-09 17:00:29
68,Manggar,-2.8833,108.2667,79.5,85,100,6.64,ID,2022-01-09 17:00:30
69,Mahebourg,-20.4081,57.7,78.26,80,92,6.33,MU,2022-01-09 17:00:30
70,Saint-Philippe,-21.3585,55.7679,80.19,81,70,8.19,RE,2022-01-09 17:00:30
71,Portland,45.5234,-122.6762,43.29,86,40,1.01,US,2022-01-09 16:55:43
72,Mitu,1.1983,-70.1733,89.92,39,86,6.49,CO,2022-01-09 17:00:31
73,Kathu,7.9178,98.3332,78.62,77,38,11.59,TH,2022-01-09 17:00:31
74,Senador Jose Porfirio,-2.5908,-51.9542,74.93,92,100,2.35,BR,2022-01-09 17:00:32
75,Thompson,55.7435,-97.8558,-19.35,86,23,11.25,CA,2022-01-09 17:00:32
76,Bambanglipuro,-7.95,110.2833,77.61,86,100,3.91,ID,2022-01-09 17:00:32
77,Bandrele,-12.9067,45.1914,78.55,83,0,9.22,YT,2022-01-09 17:00:33
78,Ilulissat,69.2167,-51.1,8.62,72,75,4.61,GL,2022-01-09 17:00:33
79,Shenzhen,22.5455,114.0683,64.35,86,10,3.94,CN,2022-01-09 16:58:13
80,Narsaq,60.9167,-46.05,16.02,92,100,1.99,GL,2022-01-09 17:00:33
81,Alindao,5.0267,21.2088,88.83,29,81,2.98,CF,2022-01-09 17:00:34
82,Butaritari,3.0707,172.7902,80.51,78,96,11.92,KI,2022-01-09 17:00:34
83,Mayya,61.7333,130.2811,-40.68,100,66,1.45,RU,2022-01-09 17:00:35
84,Chokurdakh,70.6333,147.9167,-24.03,94,70,8.77,RU,2022-01-09 17:00:35
85,Zhucheng,35.9947,119.3975,33.66,65,98,4.59,CN,2022-01-09 17:00:36
86,Katsuura,35.1333,140.3,48.31,72,100,15.7,JP,2022-01-09 17:00:36
87,Barrow,71.2906,-156.7887,-18.38,69,0,6.91,US,2022-01-09 17:00:37
88,Souillac,-20.5167,57.5167,78.37,81,96,5.48,MU,2022-01-09 17:00:37
89,Korla,41.7597,86.1469,25.09,58,78,4.9,CN,2022-01-09 17:00:29
90,Port Elizabeth,-33.918,25.5701,73.69,78,0,10.36,ZA,2022-01-09 16:55:53
91,Codrington,-38.2667,141.9667,54.36,93,21,7.29,AU,2022-01-09 17:01:38
92,Tiksi,71.6872,128.8694,-17.99,91,68,9.62,RU,2022-01-09 17:01:38
93,Walvis Bay,-22.9575,14.5053,71.1,80,86,14.65,NA,2022-01-09 17:01:39
94,Kodiak,57.79,-152.4072,31.51,69,100,16.11,US,2022-01-09 17:01:39
95,Qui Nhon,13.7667,109.2333,72.12,89,69,6.51,VN,2022-01-09 17:01:39
96,Enzan,35.7,138.7333,38.62,68,92,3.24,JP,2022-01-09 17:01:39
97,Bathsheba,13.2167,-59.5167,80.78,65,15,17.85,BB,2022-01-09 17:01:40
98,Constitucion,-35.3333,-72.4167,68.77,67,87,8.01,CL,2022-01-09 16:57:13
99,Tabory,58.5198,64.5495,3.88,89,20,7.87,RU,2022-01-09 17:01:40
100,Berlevag,70.8578,29.0864,24.8,60,100,15.64,NO,2022-01-09 17:01:40
101,Hamilton,39.1834,-84.5333,46.11,95,100,5.99,US,2022-01-09 16:59:32
102,Ginir,7.1333,40.7,63.27,57,62,4.07,ET,2022-01-09 17:01:41
103,Ribeira Grande,38.5167,-28.7,63.0,67,75,13.8,PT,2022-01-09 17:01:41
104,Mecca,21.4267,39.8261,78.6,58,0,6.89,SA,2022-01-09 17:01:41
105,Kinsale,51.7075,-8.5306,47.57,100,100,3.44,IE,2022-01-09 17:01:42
106,Temir,49.1414,57.13,2.16,80,3,9.04,KZ,2022-01-09 17:01:42
107,San Carlos,9.6612,-68.5827,93.88,27,67,3.47,VE,2022-01-09 17:01:42
108,Lagoa,39.05,-27.9833,59.31,68,100,9.51,PT,2022-01-09 17:01:43
109,Hilo,19.7297,-155.09,66.11,94,0,3.0,US,2022-01-09 17:01:43
110,Puerto Ayora,-0.7393,-90.3518,80.56,80,63,7.09,EC,2022-01-09 16:59:40
111,Gewane,10.1664,40.6453,84.04,40,6,6.13,ET,2022-01-09 17:01:43
112,Khatanga,71.9667,102.5,-20.56,100,61,3.15,RU,2022-01-09 17:01:44
113,Beringovskiy,63.05,179.3167,-14.12,91,20,10.67,RU,2022-01-09 17:01:44
114,Cabedelo,-6.9811,-34.8339,85.17,61,50,13.18,BR,2022-01-09 17:01:44
115,Impfondo,1.6381,18.0667,86.76,38,76,2.08,CG,2022-01-09 17:01:45
116,Bethel,41.3712,-73.414,40.5,71,100,1.01,US,2022-01-09 17:01:45
117,Elizabeth City,36.2946,-76.2511,59.05,79,31,1.01,US,2022-01-09 17:01:45
118,Albany,42.6001,-73.9662,35.67,89,100,1.01,US,2022-01-09 17:00:18
119,Koslan,63.4564,48.8989,3.72,96,100,5.86,RU,2022-01-09 17:01:46
120,San Patricio,28.017,-97.5169,78.66,82,74,5.7,US,2022-01-09 17:01:46
121,Avera,33.194,-82.5271,58.91,77,80,8.05,US,2022-01-09 17:01:46
122,Chuy,-33.6971,-53.4616,81.54,46,3,18.3,UY,2022-01-09 17:01:47
123,Loreto,22.2667,-101.9667,64.94,17,0,2.26,MX,2022-01-09 17:01:47
124,Sao Filipe,14.8961,-24.4956,74.21,61,99,6.89,CV,2022-01-09 17:01:47
125,Nome,64.5011,-165.4064,3.27,60,0,35.68,US,2022-01-09 17:01:38
126,Maceio,-9.6658,-35.7353,90.84,55,20,14.97,BR,2022-01-09 16:59:33
127,Dong Xoai,11.5333,106.9167,70.38,87,22,3.47,VN,2022-01-09 16:56:50
128,Kavieng,-2.5744,150.7967,81.27,76,100,7.76,PG,2022-01-09 17:01:48
129,Clyde River,70.4692,-68.5914,-7.37,84,100,26.46,CA,2022-01-09 17:01:48
130,Pecos,31.4229,-103.4932,46.06,45,0,14.97,US,2022-01-09 17:01:48
131,Grindavik,63.8424,-22.4338,41.47,81,100,35.68,IS,2022-01-09 17:01:49
132,Fort Nelson,58.8053,-122.7002,-14.35,99,100,0.96,CA,2022-01-09 17:00:24
133,Surt,31.2089,16.5887,59.29,60,77,28.43,LY,2022-01-09 17:01:49
134,Bengkulu,-3.8004,102.2655,76.57,89,99,2.26,ID,2022-01-09 17:01:49
135,Ponta Do Sol,32.6667,-17.1,70.72,71,98,9.89,PT,2022-01-09 16:59:31
136,Kijang,35.2442,129.2139,42.19,66,47,5.19,KR,2022-01-09 17:02:50
137,Dongsheng,39.8161,109.9776,19.62,50,100,13.27,CN,2022-01-09 17:00:30
138,Peniche,39.3558,-9.3811,58.62,83,73,9.13,PT,2022-01-09 17:02:50
139,Norman Wells,65.282,-126.8329,-37.8,100,58,1.83,CA,2022-01-09 17:02:51
140,Sinnamary,5.3833,-52.95,80.46,70,74,7.38,GF,2022-01-09 17:01:13
141,Cabo San Lucas,22.8909,-109.9124,71.51,61,98,5.17,MX,2022-01-09 16:58:39
142,Tadine,-21.55,167.8833,77.72,84,25,19.69,NC,2022-01-09 17:02:51
143,Buchanan,5.8808,-10.0467,84.47,68,87,10.58,LR,2022-01-09 17:02:51
144,North Battleford,52.7834,-108.2847,-13.59,85,100,2.24,CA,2022-01-09 17:02:52
145,Finnsnes,69.2296,17.9811,19.35,96,65,5.12,NO,2022-01-09 17:02:52
146,Steamboat Springs,40.485,-106.8317,26.1,88,0,0.0,US,2022-01-09 17:02:52
147,Castro,-24.7911,-50.0119,65.8,73,100,8.28,BR,2022-01-09 17:01:19
148,Namibe,-15.1961,12.1522,70.88,72,76,12.97,AO,2022-01-09 17:02:53
149,Antofagasta,-23.65,-70.4,75.22,52,73,7.9,CL,2022-01-09 17:01:56
150,Harper,4.375,-7.7169,82.74,72,99,10.69,LR,2022-01-09 17:02:53
151,Wanganui,-39.9333,175.05,64.74,87,99,8.55,NZ,2022-01-09 17:02:54
152,Jalu,29.0331,21.5482,55.87,47,17,12.64,LY,2022-01-09 17:02:54
153,Fortuna,40.5982,-124.1573,43.93,88,0,7.0,US,2022-01-09 17:02:54
154,Boueni,-12.9025,45.0761,78.78,77,100,8.34,YT,2022-01-09 17:02:54
155,Porto Novo,6.4965,2.6036,86.7,56,12,9.71,BJ,2022-01-09 17:00:19
156,Kang,-23.6752,22.7876,81.03,41,76,11.21,BW,2022-01-09 17:02:55
157,Vila Franca Do Campo,37.7167,-25.4333,61.21,62,57,10.74,PT,2022-01-09 17:00:46
158,Mahibadhoo,3.7833,72.9667,81.61,74,83,8.08,MV,2022-01-09 17:02:55
159,New Norfolk,-42.7826,147.0587,60.3,83,82,0.65,AU,2022-01-09 17:02:56
160,Dikson,73.5069,80.5464,-6.95,97,100,13.65,RU,2022-01-09 17:02:56
161,Ankazoabo,-22.2833,44.5167,71.17,81,100,4.56,MG,2022-01-09 17:02:56
162,Quang Ngai,15.1167,108.8,71.53,90,78,0.76,VN,2022-01-09 17:02:57
163,Itarema,-2.9248,-39.9167,86.72,60,100,14.83,BR,2022-01-09 17:02:57
164,Roma,43.2128,-75.4557,40.84,92,100,5.75,US,2022-01-09 17:02:57
165,Tateyama,34.9833,139.8667,48.22,72,100,17.72,JP,2022-01-09 17:02:57
166,Merauke,-8.4667,140.3333,78.82,83,100,9.71,ID,2022-01-09 17:02:58
167,Penzance,50.1186,-5.5371,48.76,92,100,12.5,GB,2022-01-09 17:02:58
168,Atambua,-9.1061,124.8925,73.78,86,90,2.04,ID,2022-01-09 17:02:58
169,Sangar,63.9242,127.4739,-45.35,98,73,2.89,RU,2022-01-09 17:02:59
170,Clyde,41.3042,-82.9752,38.91,80,100,19.48,US,2022-01-09 17:02:59
171,Pangkalanbuun,-2.6833,111.6167,74.77,96,72,2.04,ID,2022-01-09 17:02:59
172,Mar Del Plata,-38.0023,-57.5575,73.87,1,43,18.99,AR,2022-01-09 17:03:00
173,Touros,-5.1989,-35.4608,86.86,58,52,14.99,BR,2022-01-09 17:03:00
174,Yellowknife,62.456,-114.3525,-25.58,84,19,10.0,CA,2022-01-09 17:03:00
175,Hofn,64.2539,-15.2082,41.76,84,93,10.56,IS,2022-01-09 17:01:53
176,Sambava,-14.2667,50.1667,74.35,96,100,1.72,MG,2022-01-09 17:01:58
177,Kapoeta,4.7717,33.5903,90.52,27,34,13.78,SS,2022-01-09 17:00:33
178,Pacific Grove,36.6177,-121.9166,55.63,82,0,1.99,US,2022-01-09 17:01:45
179,Leningradskiy,69.3833,178.4167,-12.57,91,72,9.22,RU,2022-01-09 17:03:01
180,Ranong,9.9658,98.6348,73.31,90,28,5.66,TH,2022-01-09 17:03:01
181,Saskylakh,71.9167,114.0833,2.93,90,100,13.8,RU,2022-01-09 17:03:01
182,Luganville,-15.5333,167.1667,77.77,82,100,5.44,VU,2022-01-09 17:03:02
183,Libreville,0.3925,9.4537,81.64,79,100,9.31,GA,2022-01-09 17:00:31
184,Kedougou,12.5579,-12.1743,96.31,11,40,6.38,SN,2022-01-09 17:04:02
185,Brindisi,40.5833,17.6667,48.43,74,100,8.77,IT,2022-01-09 17:04:02
186,Asfi,32.2994,-9.2372,65.91,51,3,14.63,MA,2022-01-09 17:04:03
187,Geraldton,-28.7667,114.6,64.81,72,0,13.8,AU,2022-01-09 17:04:03
188,Anchorage,61.2181,-149.9003,10.85,73,32,1.99,US,2022-01-09 17:04:04
189,Atlantis,-33.5667,18.4834,76.42,74,100,13.24,ZA,2022-01-09 17:00:30
190,Kavaratti,10.5669,72.642,79.84,67,0,9.28,IN,2022-01-09 17:04:04
191,Salalah,17.0151,54.0924,73.49,46,0,5.75,OM,2022-01-09 17:04:04
192,Cherskiy,68.75,161.3,-25.26,100,95,2.64,RU,2022-01-09 17:04:05
193,Sistranda,63.7256,8.834,33.76,65,0,9.33,NO,2022-01-09 17:01:58
194,Suluq,31.6682,20.2521,56.66,61,88,18.88,LY,2022-01-09 17:04:05
195,Bredasdorp,-34.5322,20.0403,70.29,84,99,8.34,ZA,2022-01-09 17:04:05
196,Padang,-0.9492,100.3543,77.05,88,97,4.41,ID,2022-01-09 17:00:28
197,Sivas,39.7916,37.0019,38.03,87,75,23.02,TR,2022-01-09 17:04:06
198,Qasigiannguit,68.8193,-51.1922,8.85,91,100,5.1,GL,2022-01-09 17:04:06
199,Tuktoyaktuk,69.4541,-133.0374,-18.4,69,75,13.8,CA,2022-01-09 17:04:06
200,Lompoc,34.6391,-120.4579,64.13,80,0,5.75,US,2022-01-09 17:04:07
201,Fuxin,42.0156,121.6589,17.83,89,99,6.55,CN,2022-01-09 17:00:32
202,Araouane,18.9048,-3.5265,70.34,10,97,13.13,ML,2022-01-09 17:04:07
203,Porto Walter,-8.2686,-72.7439,92.95,40,96,2.89,BR,2022-01-09 17:04:08
204,Qaanaaq,77.484,-69.3632,2.55,74,93,5.23,GL,2022-01-09 17:04:08
205,Borovoy,55.4333,86.0833,25.88,86,100,22.37,RU,2022-01-09 17:04:08
206,Buala,-8.145,159.5921,79.25,86,48,7.7,SB,2022-01-09 17:04:09
207,Itainopolis,-7.4469,-41.4783,100.96,25,24,3.69,BR,2022-01-09 17:04:09
208,Puerto Colombia,10.9878,-74.9547,81.27,68,27,15.43,CO,2022-01-09 17:04:10
209,Tasiilaq,65.6145,-37.6368,32.16,85,100,47.49,GL,2022-01-09 17:04:10
210,Saint George,37.1041,-113.5841,44.44,59,0,0.0,US,2022-01-09 17:04:10
211,Cidreira,-30.1811,-50.2056,75.96,61,34,16.67,BR,2022-01-09 17:04:11
212,Storslett,69.7678,21.0247,16.12,81,22,8.97,NO,2022-01-09 17:04:11
213,Saldanha,-33.0117,17.9442,68.27,80,100,13.78,ZA,2022-01-09 17:04:11
214,Hasaki,35.7333,140.8333,41.4,68,100,17.92,JP,2022-01-09 17:04:12
215,Okhotsk,59.3833,143.3,4.73,76,100,15.52,RU,2022-01-09 17:04:12
216,Shirokiy,49.758,129.523,-31.11,100,46,2.73,RU,2022-01-09 17:04:12
217,Sur,22.5667,59.5289,69.4,53,0,1.43,OM,2022-01-09 17:04:13
218,Saint Anthony,45.0205,-93.218,2.79,65,0,4.0,US,2022-01-09 17:04:13
219,San Quintin,30.4833,-115.95,60.98,58,99,3.4,MX,2022-01-09 17:04:13
220,Banjar,-8.19,114.9675,76.91,91,100,2.75,ID,2022-01-09 17:04:14
221,Klaksvik,62.2266,-6.589,41.92,80,92,25.43,FO,2022-01-09 17:04:14
222,Port Macquarie,-31.4333,152.9167,69.89,88,42,7.11,AU,2022-01-09 17:04:14
223,Yerbogachen,61.2767,108.0108,-9.35,81,77,9.62,RU,2022-01-09 17:04:15
224,Minab,27.1467,57.0801,54.9,40,0,5.7,IR,2022-01-09 17:04:15
225,Miyakonojo,31.7333,131.0667,38.5,85,12,2.73,JP,2022-01-09 17:04:15
226,Dangriga,16.9692,-88.2321,82.98,80,23,13.09,BZ,2022-01-09 17:04:16
227,Shimoda,34.6667,138.95,48.11,67,100,12.62,JP,2022-01-09 17:05:16
228,Pathein,16.7833,94.7333,69.8,81,5,6.6,MM,2022-01-09 17:05:16
229,Pimentel,-6.8367,-79.9342,82.69,51,0,18.41,PE,2022-01-09 17:05:17
230,Port Alfred,-33.5906,26.891,75.63,84,1,29.19,ZA,2022-01-09 17:05:17
231,Cape Town,-33.9258,18.4232,78.35,64,100,1.01,ZA,2022-01-09 17:05:02
232,Forest Lake,45.2789,-92.9852,2.35,69,8,4.0,US,2022-01-09 17:00:54
233,Sivaki,52.6333,126.75,-18.49,95,35,4.94,RU,2022-01-09 17:05:17
234,Vardo,70.3705,31.1107,24.78,80,75,25.32,NO,2022-01-09 17:05:18
235,Sechura,-5.5569,-80.8222,81.79,54,89,9.24,PE,2022-01-09 17:05:18
236,Atakpame,7.5333,1.1333,93.65,15,94,4.09,TG,2022-01-09 17:05:18
237,Pangnirtung,66.1451,-65.7125,-24.97,89,42,6.44,CA,2022-01-09 17:05:19
238,Shiyan,32.6475,110.7781,45.75,75,79,1.66,CN,2022-01-09 17:05:11
239,Aberdeen,57.1437,-2.0981,33.49,93,8,3.44,GB,2022-01-09 17:04:58
240,Eureka,40.8021,-124.1637,44.2,59,4,7.36,US,2022-01-09 17:05:10
241,Alice Springs,-23.7,133.8833,76.55,20,1,6.91,AU,2022-01-09 17:05:19
242,Zlobin,45.2924,14.6541,34.9,72,40,5.75,HR,2022-01-09 17:05:20
243,Iquique,-20.2208,-70.1431,72.68,69,86,5.37,CL,2022-01-09 17:01:25
244,Celestun,20.8667,-90.4,82.53,60,33,6.89,MX,2022-01-09 17:05:20
245,San Felipe,10.3399,-68.7425,83.23,52,82,9.57,VE,2022-01-09 17:05:20
246,Never,46.9896,3.159,44.35,81,75,8.05,FR,2022-01-09 17:05:21
247,Kampot,10.6167,104.1833,75.69,70,14,4.29,KH,2022-01-09 17:05:21
248,Los Llanos De Aridane,28.6585,-17.9182,66.13,59,0,1.99,ES,2022-01-09 17:05:21
249,Umarkot,25.3616,69.7362,62.6,42,0,8.48,PK,2022-01-09 17:05:22
250,Chilca,-12.5211,-76.7372,79.09,74,11,7.96,PE,2022-01-09 17:05:22
251,Sola,-13.8833,167.55,82.15,75,82,13.31,VU,2022-01-09 17:05:22
252,Eyl,7.9803,49.8164,76.1,63,5,20.47,SO,2022-01-09 17:05:23
253,Hami,42.8,93.45,25.14,44,0,2.8,CN,2022-01-09 17:05:23
254,Virginia Beach,36.8529,-75.978,62.65,69,75,20.71,US,2022-01-09 17:05:23
255,Abnub,27.2696,31.1511,60.75,38,100,7.14,EG,2022-01-09 17:05:24
256,Sinazongwe,-17.2614,27.4618,76.77,76,100,5.37,ZM,2022-01-09 17:05:24
257,Ariquemes,-9.9133,-63.0408,79.83,79,100,5.23,BR,2022-01-09 17:02:33
258,Oistins,13.0667,-59.5333,84.29,54,20,25.32,BB,2022-01-09 17:05:24
259,Matipo,-20.2839,-42.3411,68.23,99,100,3.06,BR,2022-01-09 17:05:25
260,Ouargaye,11.5033,0.0572,89.64,10,26,8.75,BF,2022-01-09 17:05:25
261,Gotsu,35.0,132.2167,44.53,69,99,4.0,JP,2022-01-09 17:05:25
262,Madimba,-10.4,40.3333,82.04,76,81,13.0,TZ,2022-01-09 17:05:26
263,Voh,-20.9667,164.7,76.6,88,10,4.54,NC,2022-01-09 17:05:26
264,Koungou,-12.7336,45.2042,78.51,83,0,9.22,YT,2022-01-09 17:05:26
265,Dehui,44.5333,125.7,1.33,98,58,3.76,CN,2022-01-09 17:05:26
266,Linden,6.0,-58.3,80.74,40,71,5.17,GY,2022-01-09 17:05:27
267,Skjervoy,70.0311,20.9714,26.89,67,39,7.54,NO,2022-01-09 17:05:27
268,Belaya Gora,68.5333,146.4167,-31.14,100,91,3.09,RU,2022-01-09 17:05:27
269,Udachnyy,66.4167,112.4,0.75,69,100,21.18,RU,2022-01-09 17:04:12
270,Tairua,-37.0167,175.85,67.08,92,100,4.47,NZ,2022-01-09 17:04:35
271,Selikhino,50.3672,137.4996,-8.75,99,100,4.05,RU,2022-01-09 17:05:28
272,Faanui,-16.4833,-151.75,79.99,77,67,3.89,PF,2022-01-09 17:03:17
273,Sao Geraldo Do Araguaia,-6.4006,-48.555,78.33,85,95,5.75,BR,2022-01-09 17:06:28
274,Dingle,10.9995,122.6711,73.6,95,23,5.99,PH,2022-01-09 17:06:29
275,Lorengau,-2.0226,147.2712,80.37,79,100,7.31,PG,2022-01-09 17:06:29
276,Saint-Francois,46.4154,3.9054,41.47,89,75,2.3,FR,2022-01-09 17:06:29
277,Faya,18.3851,42.4509,57.72,63,22,4.79,SA,2022-01-09 17:06:29
278,Snezhnogorsk,69.1933,33.2531,6.58,85,100,13.42,RU,2022-01-09 17:06:30
279,Vila,42.0304,-8.1588,48.74,95,100,4.36,PT,2022-01-09 17:06:30
280,Chateauroux,46.8167,1.7,46.4,81,100,11.5,FR,2022-01-09 17:06:31
281,Esperance,-33.8667,121.9,62.91,65,81,16.73,AU,2022-01-09 17:04:23
282,Nakatsu,33.5981,131.1883,48.18,70,80,4.25,JP,2022-01-09 17:06:31
283,Tura,25.5198,90.2201,62.08,60,82,1.9,IN,2022-01-09 17:06:31
284,Norden,53.6,7.2,40.98,91,100,14.56,DE,2022-01-09 17:06:32
285,Cavalcante,-13.7975,-47.4583,70.34,94,100,3.09,BR,2022-01-09 17:06:32
286,Palmer,42.1584,-72.3287,40.01,74,100,8.01,US,2022-01-09 17:04:28
287,Masindi,1.6744,31.715,78.22,31,100,3.51,UG,2022-01-09 17:02:15
288,Yaan,7.3833,8.5667,95.65,14,10,1.45,NG,2022-01-09 17:06:33
289,Tolmin,46.183,13.7332,39.34,69,100,5.01,SI,2022-01-09 17:06:33
290,Pevek,69.7008,170.3133,-16.46,100,65,2.93,RU,2022-01-09 17:06:33
291,Raga,8.4596,25.678,86.49,21,89,2.19,SS,2022-01-09 17:06:34
292,Rio Gallegos,-51.6226,-69.2181,62.65,22,75,27.63,AR,2022-01-09 17:06:34
293,Adeje,28.1227,-16.726,69.94,35,0,8.99,ES,2022-01-09 17:03:47
294,Mezen,65.8522,44.24,5.52,95,99,9.31,RU,2022-01-09 17:06:34
295,Klyuchi,52.2667,79.1667,8.85,93,84,11.27,RU,2022-01-09 17:06:35
296,Devecser,47.1032,17.438,32.13,63,100,2.42,HU,2022-01-09 17:06:35
297,Waipawa,-41.4122,175.5153,61.43,79,100,6.73,NZ,2022-01-09 17:06:35
298,Comodoro Rivadavia,-45.8667,-67.5,69.66,32,0,12.66,AR,2022-01-09 17:06:36
299,Sao Felix Do Xingu,-6.6447,-51.995,72.72,97,100,3.2,BR,2022-01-09 17:06:36
300,Taoudenni,22.6783,-3.9836,67.14,11,0,16.33,ML,2022-01-09 17:06:36
301,Tabou,4.423,-7.3528,82.69,72,100,9.84,CI,2022-01-09 17:06:37
302,Winnemucca,40.973,-117.7357,32.05,64,0,10.36,US,2022-01-09 17:06:37
303,Konevo,62.1215,39.3192,11.32,97,100,4.63,RU,2022-01-09 17:02:02
304,Cascais,38.6979,-9.4215,58.51,69,75,3.0,PT,2022-01-09 17:06:38
305,Bayir,37.2687,28.2167,45.12,95,99,10.85,TR,2022-01-09 17:06:38
306,Bajos De Haina,18.4154,-70.0332,85.96,69,40,11.5,DO,2022-01-09 17:06:39
307,Coihaique,-45.5752,-72.0662,68.61,42,40,9.22,CL,2022-01-09 17:06:01
308,Lenine,45.2986,35.7771,49.01,92,100,12.82,UA,2022-01-09 17:06:39
309,Saravan,39.7196,45.6483,16.45,71,4,7.09,AM,2022-01-09 17:06:40
310,Komsomolskiy,40.4272,71.7189,39.92,70,75,0.0,UZ,2022-01-09 17:06:40
311,Jiquinlaca,14.0,-88.35,83.07,30,18,4.72,HN,2022-01-09 17:06:41
312,Cayenne,4.9333,-52.3333,83.08,74,100,1.01,GF,2022-01-09 17:06:41
313,Lata,40.1629,-8.3327,56.05,96,100,4.43,PT,2022-01-09 17:06:41
314,Gobabis,-22.45,18.9667,77.5,52,67,19.75,NA,2022-01-09 17:06:42
315,Pirojpur,22.5667,89.9833,66.43,61,0,3.18,BD,2022-01-09 17:06:42
316,Port Lincoln,-34.7333,135.8667,68.9,69,65,11.86,AU,2022-01-09 17:06:43
317,Teguldet,57.3064,88.1667,25.11,91,100,9.51,RU,2022-01-09 17:07:43
318,Severo-Kurilsk,50.6789,156.125,27.21,84,64,7.4,RU,2022-01-09 17:07:43
319,Piacabucu,-10.4056,-36.4344,85.23,64,100,12.97,BR,2022-01-09 17:07:43
320,Umm Kaddadah,13.6017,26.6876,81.41,20,48,5.23,SD,2022-01-09 17:07:44
321,Mabaruma,8.2,-59.7833,84.22,54,100,6.64,GY,2022-01-09 17:03:13
322,Itaocara,-21.6692,-42.0761,71.83,97,100,2.15,BR,2022-01-09 17:07:44
323,Nuevo Progreso,23.1667,-97.95,81.54,69,72,3.0,MX,2022-01-09 17:07:45
324,Petropavlovsk-Kamchatskiy,53.0452,158.6483,27.5,97,100,5.01,RU,2022-01-09 17:04:14
325,Bhimunipatnam,17.8833,83.4333,71.11,73,0,1.97,IN,2022-01-09 17:07:45
326,Korhogo,9.45,-5.6333,92.93,10,52,5.97,CI,2022-01-09 17:07:45
327,Marystown,47.1666,-55.1483,30.85,100,99,5.01,CA,2022-01-09 17:06:18
328,Tiarei,-17.5333,-149.3333,78.82,79,62,14.07,PF,2022-01-09 17:07:46
329,Portobelo,9.55,-79.65,89.62,69,26,14.85,PA,2022-01-09 17:07:46
330,Amos,48.5669,-78.1162,28.18,92,100,13.2,CA,2022-01-09 17:07:46
331,Dwarka,22.2394,68.9678,66.97,52,0,8.21,IN,2022-01-09 17:07:47
332,College,64.8569,-147.8028,-9.74,67,0,5.75,US,2022-01-09 17:07:47
333,Vitim,59.4511,112.5578,-27.45,99,6,1.97,RU,2022-01-09 17:07:48
334,Vypolzovo,57.8767,33.6986,14.32,98,100,3.76,RU,2022-01-09 17:07:48
335,Safaga,26.7292,33.9365,67.03,59,100,3.58,EG,2022-01-09 17:07:48
336,Ambalavao,-21.8333,46.9333,66.04,92,100,5.37,MG,2022-01-09 17:07:49
337,Port Augusta,-32.5,137.7667,77.7,32,1,5.14,AU,2022-01-09 17:07:49
338,Brae,60.3964,-1.353,40.91,93,99,25.55,GB,2022-01-09 17:07:49
339,Locri,38.2414,16.2623,52.83,84,100,5.59,IT,2022-01-09 17:07:50
340,Khudumelapye,-23.8833,24.75,80.35,40,93,9.6,BW,2022-01-09 17:07:50
341,Talara,-4.5772,-81.2719,83.16,57,40,17.27,PE,2022-01-09 17:07:51
342,Qandala,11.472,49.8728,75.0,69,21,10.27,SO,2022-01-09 17:07:51
343,Zhigansk,66.7697,123.3711,-33.21,96,71,18.05,RU,2022-01-09 17:07:51
344,Lakatoro,-16.0999,167.4164,79.63,87,100,5.01,VU,2022-01-09 17:07:52
345,Kamenka,51.3223,42.7678,22.75,84,100,16.64,RU,2022-01-09 17:07:52
346,Georgetown,5.4112,100.3354,82.89,75,20,10.36,MY,2022-01-09 17:07:52
347,Maykor,59.0059,55.88,7.47,94,99,10.54,RU,2022-01-09 17:07:53
348,Palana,59.1167,159.9667,17.55,77,99,10.74,RU,2022-01-09 17:07:53
349,Secunda,-26.55,29.1667,71.33,72,99,1.01,ZA,2022-01-09 17:07:53
350,Te Anau,-45.4167,167.7167,55.31,92,74,0.92,NZ,2022-01-09 17:07:54
351,Kraskino,42.7114,130.7794,15.01,62,2,4.05,RU,2022-01-09 17:07:54
352,Shangrao,28.4532,117.9686,44.56,92,67,0.81,CN,2022-01-09 17:07:54
353,Naze,28.3667,129.4833,57.9,79,100,10.51,JP,2022-01-09 17:07:55
354,Dunedin,-45.8742,170.5036,57.33,95,98,3.36,NZ,2022-01-09 17:07:55
355,Aykhal,66.0,111.5,-4.16,74,100,27.29,RU,2022-01-09 17:07:55
356,Entre Rios,-11.9419,-38.0844,90.25,39,100,6.87,BR,2022-01-09 17:07:56
357,Sitka,57.0531,-135.33,40.89,75,100,32.21,US,2022-01-09 17:07:56
358,Matay,28.419,30.7792,57.78,34,86,7.85,EG,2022-01-09 17:07:56
359,Ecully,45.7773,4.7748,41.92,94,100,4.97,FR,2022-01-09 17:07:57
360,Tommot,58.9564,126.2925,-25.73,99,100,1.52,RU,2022-01-09 17:07:57
361,Alofi,-19.0595,-169.9187,79.77,76,100,14.85,NU,2022-01-09 17:08:57
362,Iwanai,42.9744,140.5089,25.9,84,100,2.64,JP,2022-01-09 17:08:58
363,Acari,-15.4311,-74.6158,80.98,63,94,11.9,PE,2022-01-09 17:08:58
364,Port Hedland,-20.3167,118.5667,82.45,78,5,8.05,AU,2022-01-09 17:08:58
365,Bonito,-21.1211,-56.4819,98.15,28,7,6.13,BR,2022-01-09 17:08:59
366,Plouzane,48.3833,-4.6167,50.18,96,100,3.44,FR,2022-01-09 17:08:59
367,Lima,-12.0432,-77.0282,77.4,80,0,1.01,PE,2022-01-09 17:08:27
368,Lipin Bor,60.2622,37.9763,17.96,95,100,7.54,RU,2022-01-09 17:09:00
369,Agadir,30.4202,-9.5982,72.05,46,56,5.46,MA,2022-01-09 17:07:37
370,Victoria,22.2855,114.1577,64.45,79,17,1.99,HK,2022-01-09 17:05:57
371,Anyang,36.0994,114.3289,39.6,68,100,3.2,CN,2022-01-09 17:09:00
372,Rovnoye,50.7765,46.0509,16.9,90,100,7.47,RU,2022-01-09 17:09:00
373,Kaseda,31.4167,130.3167,50.47,68,32,12.66,JP,2022-01-09 17:09:01
374,Coolum Beach,-26.5333,153.1,75.11,95,4,7.23,AU,2022-01-09 17:09:01
375,Gualeguay,-33.1416,-59.3097,96.58,18,0,8.01,AR,2022-01-09 17:09:01
376,Bakchar,57.0186,82.0711,15.71,92,100,9.01,RU,2022-01-09 17:09:02
377,Chara,56.9064,118.2631,-26.28,85,35,0.94,RU,2022-01-09 17:09:02
378,Sabang,5.8933,95.3214,81.66,77,96,13.94,ID,2022-01-09 17:09:02
379,Lysva,58.1086,57.8053,0.48,96,98,8.3,RU,2022-01-09 17:09:03
380,Quatre Cocos,-20.2078,57.7625,78.1,78,83,5.06,MU,2022-01-09 17:09:03
381,Shaki,41.0833,47.1667,38.19,79,14,1.95,AZ,2022-01-09 17:09:04
382,Bambous Virieux,-20.3428,57.7575,78.22,79,88,5.88,MU,2022-01-09 17:09:04
383,Neuquen,-38.9516,-68.0591,91.29,22,0,8.05,AR,2022-01-09 17:08:33
384,Staryy Nadym,65.6118,72.6842,-18.17,99,66,8.28,RU,2022-01-09 17:09:04
385,Mwingi,-0.9344,38.0601,67.6,82,26,0.83,KE,2022-01-09 17:09:04
386,Druzhba,52.0428,33.9453,26.83,96,100,9.86,UA,2022-01-09 17:09:05
387,Gidole,5.65,37.3667,68.0,43,74,4.76,ET,2022-01-09 17:09:05
388,Hualmay,-11.0964,-77.6139,76.15,68,18,10.33,PE,2022-01-09 17:09:05
389,Manyana,-23.4,21.7167,79.52,45,98,11.34,BW,2022-01-09 17:09:06
390,Okha,53.5739,142.9478,2.12,89,100,27.13,RU,2022-01-09 17:09:06
391,Jawhar,2.7809,45.5005,76.82,71,18,18.72,SO,2022-01-09 17:09:07
392,North Bend,43.4065,-124.2243,45.12,88,0,8.05,US,2022-01-09 17:05:10
393,Caucaia,-3.7361,-38.6531,88.07,67,75,13.8,BR,2022-01-09 17:09:07
394,Nantucket,41.2835,-70.0995,49.14,76,97,29.97,US,2022-01-09 17:09:07
395,Asau,46.4333,26.4,39.76,92,100,2.59,RO,2022-01-09 17:09:08
396,Tuatapere,-46.1333,167.6833,57.81,97,91,1.28,NZ,2022-01-09 17:09:08
397,Teguise,29.0605,-13.564,62.82,55,0,4.61,ES,2022-01-09 17:09:09
398,Provideniya,64.3833,-173.3,0.73,66,0,10.29,RU,2022-01-09 17:09:09
399,Severomuysk,56.1481,113.4267,-22.61,73,1,0.36,RU,2022-01-09 17:09:09
400,Kaitangata,-46.2817,169.8464,55.72,98,96,2.06,NZ,2022-01-09 17:09:10
401,Mazatlan,23.2167,-106.4167,73.36,78,75,0.0,MX,2022-01-09 17:09:10
402,Nalut,30.3333,10.85,49.44,35,1,13.24,LY,2022-01-09 17:09:10
403,Wanaka,-44.7,169.15,60.12,72,46,3.0,NZ,2022-01-09 17:04:48
404,Kalmunai,7.4167,81.8167,76.93,86,100,5.48,LK,2022-01-09 17:09:11
405,Bocas Del Toro,9.3333,-82.25,88.07,72,55,6.24,PA,2022-01-09 17:06:56
406,Belyy Yar,53.6039,91.3903,6.69,83,100,0.0,RU,2022-01-09 17:09:11
407,Pudozh,61.8099,36.5345,10.83,99,100,1.81,RU,2022-01-09 17:09:11
408,Biak,-0.9131,122.8766,75.79,82,30,2.82,ID,2022-01-09 17:10:12
409,Saint Pete Beach,27.7253,-82.7412,81.19,64,46,1.01,US,2022-01-09 17:10:12
410,Iracoubo,5.4802,-53.2011,79.66,71,73,6.51,GF,2022-01-09 17:10:12
411,Ansermanuevo,4.7972,-75.995,77.2,73,93,1.86,CO,2022-01-09 17:10:13
412,Rexburg,43.826,-111.7897,17.28,79,100,0.0,US,2022-01-09 17:06:19
413,Tautira,-17.7333,-149.15,78.82,80,85,18.66,PF,2022-01-09 17:10:13
414,Terrace,54.5163,-128.6035,33.57,98,100,1.52,CA,2022-01-09 17:10:13
415,Omboue,-1.5746,9.2618,80.29,82,93,7.16,GA,2022-01-09 17:10:14
416,Ahipara,-35.1667,173.1667,62.96,89,100,1.16,NZ,2022-01-09 17:10:14
417,Rajshahi,24.3667,88.6,67.01,55,4,5.55,BD,2022-01-09 17:10:14
418,Muros,42.7762,-9.0603,59.5,96,100,11.63,ES,2022-01-09 17:10:15
419,Wukari,7.85,9.7833,92.3,14,73,5.3,NG,2022-01-09 17:08:09
420,Vagay,57.9375,69.0217,2.16,93,7,7.85,RU,2022-01-09 17:10:15
421,Orlandia,-20.7203,-47.8867,71.74,92,100,6.6,BR,2022-01-09 17:10:16
422,Diu,20.7141,70.9822,63.99,45,0,9.95,IN,2022-01-09 17:10:16
423,Shenkursk,62.1091,42.896,12.02,95,100,6.42,RU,2022-01-09 17:08:48
424,Richards Bay,-28.783,32.0377,75.22,75,53,11.21,ZA,2022-01-09 17:10:16
425,Maputo,-25.9653,32.5892,79.23,72,75,1.99,MZ,2022-01-09 17:08:02
426,Santo Antonio,-6.3106,-35.4789,89.56,35,98,15.21,BR,2022-01-09 17:10:17
427,Dobric,44.7019,19.5814,33.8,95,89,4.47,RS,2022-01-09 17:10:17
428,Wewak,-3.5534,143.6268,76.66,87,92,4.52,PG,2022-01-09 17:10:17
429,Ostrovnoy,68.0531,39.5131,22.89,81,100,19.84,RU,2022-01-09 17:10:18
430,Praia Da Vitoria,38.7333,-27.0667,59.76,80,88,19.26,PT,2022-01-09 17:10:18
431,Pisco,-13.7,-76.2167,80.65,61,0,13.8,PE,2022-01-09 17:10:18
432,Aranos,-24.1333,19.1167,83.97,39,97,20.42,NA,2022-01-09 17:10:19
433,Gornyy,55.1153,83.9059,15.93,92,83,16.82,RU,2022-01-09 17:10:19
434,Calabozo,8.9242,-67.4293,92.46,28,91,9.46,VE,2022-01-09 17:10:19
435,Merrill,45.1805,-89.6835,3.38,59,0,13.8,US,2022-01-09 17:10:20
436,Viedma,-40.8135,-62.9967,100.09,15,31,14.5,AR,2022-01-09 17:10:20
437,Pietarsaari,63.65,22.6833,3.88,95,30,2.98,FI,2022-01-09 17:10:20
438,Zhezkazgan,47.8043,67.7144,9.19,85,76,9.35,KZ,2022-01-09 17:10:20
439,Grand Gaube,-20.0064,57.6608,78.39,85,87,6.82,MU,2022-01-09 17:10:21
440,Bandarbeyla,9.4942,50.8122,76.35,69,8,19.8,SO,2022-01-09 17:10:21
441,Kodinsk,58.6881,99.1844,8.64,88,100,6.96,RU,2022-01-09 17:10:21
442,Talnakh,69.4865,88.3972,2.21,96,100,5.93,RU,2022-01-09 17:10:22
443,Macheng,31.1783,115.0319,43.84,85,100,1.39,CN,2022-01-09 17:10:22
444,Sept-Iles,50.2001,-66.3821,20.05,86,100,7.0,CA,2022-01-09 17:10:22
445,Tsimlyansk,47.6461,42.1019,30.61,64,100,19.89,RU,2022-01-09 17:10:23
446,Jasper,37.2001,-94.3502,37.35,70,40,4.0,US,2022-01-09 17:10:23
447,Pangody,65.85,74.4859,-15.29,99,96,7.58,RU,2022-01-09 17:10:23
448,Juneau,58.3019,-134.4197,16.21,86,100,3.44,US,2022-01-09 17:10:24
449,Banda Aceh,5.5577,95.3222,78.4,84,87,8.21,ID,2022-01-09 17:10:24
450,Benguela,-12.5763,13.4055,75.51,82,100,6.87,AO,2022-01-09 17:10:24
451,Laguna,38.421,-121.4238,52.09,95,0,1.01,US,2022-01-09 17:10:25
452,Port Keats,-14.25,129.55,82.74,76,58,7.25,AU,2022-01-09 17:10:25
453,Darhan,49.4867,105.9228,-9.27,100,47,3.58,MN,2022-01-09 17:10:25
454,Odweyne,9.4092,45.064,69.26,54,14,11.65,SO,2022-01-09 17:11:26
455,Vanimo,-2.6741,141.3028,76.12,87,100,5.44,PG,2022-01-09 17:11:26
456,Guru Har Sahai,30.7167,74.4167,52.99,66,6,3.06,IN,2022-01-09 17:11:26
457,Giddarbaha,30.2,74.6667,53.49,67,16,4.23,IN,2022-01-09 17:11:26
458,Half Moon Bay,37.4636,-122.4286,51.1,89,0,0.0,US,2022-01-09 17:11:27
459,Wattegama,6.7989,81.4808,72.52,96,100,3.18,LK,2022-01-09 17:11:27
460,Kalat,29.0225,66.5916,33.31,69,0,2.73,PK,2022-01-09 17:11:27
461,Manutuke,-38.6833,177.9167,62.98,88,93,6.42,NZ,2022-01-09 17:11:28
462,Mubende,0.5606,31.39,71.82,56,100,2.51,UG,2022-01-09 17:11:28
463,Verkhoyansk,67.5447,133.385,-34.51,100,56,1.88,RU,2022-01-09 17:11:28
464,Batagay,67.6333,134.6333,-30.6,99,29,3.98,RU,2022-01-09 17:11:28
465,Beloha,-25.1667,45.05,76.73,75,85,19.1,MG,2022-01-09 17:07:19
466,Baglan,36.1307,68.7083,43.52,73,8,0.81,AF,2022-01-09 17:11:29
467,Gunnedah,-30.9833,150.25,74.82,88,7,5.66,AU,2022-01-09 17:11:29
468,Atar,20.5169,-13.0499,76.64,9,94,12.21,MR,2022-01-09 17:11:30
469,Dongargaon,20.9667,80.85,65.17,82,48,8.32,IN,2022-01-09 17:11:30
470,Yeppoon,-23.1333,150.7333,74.98,74,8,13.18,AU,2022-01-09 17:11:30
471,Rumuruti,0.267,36.5389,64.11,65,15,14.7,KE,2022-01-09 17:11:31
472,Kasongo-Lunda,-6.4667,16.8167,77.25,84,67,2.95,CD,2022-01-09 17:11:31
473,Lake Havasu City,34.4839,-114.3224,58.24,31,0,10.0,US,2022-01-09 17:11:31
474,Poum,-20.2333,164.0167,80.78,78,3,15.1,NC,2022-01-09 17:11:32
475,Bataipora,-22.2953,-53.2711,93.4,30,79,4.79,BR,2022-01-09 17:11:32
476,Sao Joao Batista,-27.2761,-48.8494,84.15,57,100,6.17,BR,2022-01-09 17:11:32
477,Saint-Joseph,-21.3667,55.6167,79.18,82,69,8.34,RE,2022-01-09 17:11:33
478,Colwyn Bay,53.2948,-3.7267,46.63,89,96,7.0,GB,2022-01-09 17:11:33
479,Hollola,61.05,25.4333,8.53,99,86,3.71,FI,2022-01-09 17:11:33
480,Mackay,-21.15,149.2,77.68,76,83,13.09,AU,2022-01-09 17:11:34
481,San Jeronimo,-11.9472,-75.2829,53.53,74,97,3.38,PE,2022-01-09 17:11:34
482,Bereda,43.2686,-7.5406,58.41,100,100,6.8,ES,2022-01-09 17:11:34
483,Dvinskoy,62.1535,45.1175,9.84,97,100,3.78,RU,2022-01-09 17:11:35
484,Luangwa,-15.6167,30.4167,72.86,92,100,1.5,ZM,2022-01-09 17:11:35
485,Yuli,9.6989,10.2744,87.73,16,32,5.59,NG,2022-01-09 17:11:35
486,Moratuwa,6.773,79.8816,77.95,81,100,6.2,LK,2022-01-09 17:11:35
487,Nelson Bay,-32.7167,152.15,74.95,90,2,1.01,AU,2022-01-09 17:11:36
488,Tagusao,9.1924,117.8141,78.8,84,21,6.71,PH,2022-01-09 17:11:36
489,Ondangwa,-17.9167,15.95,90.77,26,30,11.03,NA,2022-01-09 17:11:36
490,Mae Ramat,16.984,98.5166,66.58,68,10,1.07,TH,2022-01-09 17:11:37
491,Shanghai,31.2222,121.4581,45.93,65,11,6.71,CN,2022-01-09 17:07:01
492,Tual,-5.6667,132.75,82.87,79,97,11.52,ID,2022-01-09 17:11:37
493,Aginskoye,51.1,114.53,-14.13,95,5,5.46,RU,2022-01-09 17:11:38
494,Upernavik,72.7868,-56.1549,-0.33,100,100,11.79,GL,2022-01-09 17:11:38
495,Tahe,52.3333,124.7333,-17.72,96,73,3.62,CN,2022-01-09 17:11:38
496,Rochegda,62.8,43.25,10.02,96,100,4.63,RU,2022-01-09 17:11:39
497,Mindelo,16.8901,-24.9804,70.41,80,74,8.39,CV,2022-01-09 17:11:39
498,Tepalcatepec,19.1833,-102.85,82.8,34,12,1.68,MX,2022-01-09 17:12:39
499,Ugoofaaru,5.6667,73.0,81.86,71,68,10.09,MV,2022-01-09 17:12:40
500,Balykshi,47.0667,51.8667,24.8,74,0,17.9,KZ,2022-01-09 17:12:40
501,Sindor,62.8629,51.8905,5.23,95,100,6.98,RU,2022-01-09 17:12:40
502,Srednekolymsk,67.45,153.6833,-15.95,97,99,5.21,RU,2022-01-09 17:12:40
503,Vao,-22.6667,167.4833,77.18,83,3,24.7,NC,2022-01-09 17:12:41
504,Seddon,-37.8068,144.8916,63.28,86,100,3.44,AU,2022-01-09 17:12:41
505,Kloulklubed,7.0419,134.2556,75.7,74,100,10.33,PW,2022-01-09 17:12:41
506,Arriaga,16.2333,-93.9,89.49,43,42,4.38,MX,2022-01-09 17:12:42
507,Padre Bernardo,-15.35,-48.5,69.78,95,100,5.41,BR,2022-01-09 17:12:42
508,Nogales,31.3086,-110.9422,56.07,50,0,0.0,MX,2022-01-09 17:12:42
509,Nevelsk,46.6733,141.8633,-7.17,64,100,12.39,RU,2022-01-09 17:12:43
510,Kuopio,62.8924,27.677,-0.45,85,100,3.44,FI,2022-01-09 17:12:43
511,Ketchikan,55.3422,-131.6461,44.58,93,100,19.57,US,2022-01-09 17:08:06
512,Alta Floresta,-9.8756,-56.0861,77.02,92,100,6.44,BR,2022-01-09 17:12:44
513,Pinega,64.7001,43.3936,3.25,95,100,7.11,RU,2022-01-09 17:12:44
514,Luancheng,37.8792,114.6517,33.78,55,100,4.68,CN,2022-01-09 17:12:44
515,Jibuti,11.5,42.5,74.62,68,15,16.15,DJ,2022-01-09 17:11:23
516,Belawan,3.7755,98.6832,79.09,92,86,5.99,ID,2022-01-09 17:10:16
517,Madang,-5.2246,145.7966,75.22,93,100,7.31,PG,2022-01-09 17:12:45
518,Tabuk,17.4189,121.4443,67.75,93,94,2.73,PH,2022-01-09 17:12:45
519,Sucre,-19.0333,-65.2627,67.68,48,61,8.21,BO,2022-01-09 17:12:45
520,Russell,32.3502,-85.1999,69.08,73,40,6.91,US,2022-01-09 17:12:46
521,Ishigaki,24.3448,124.1572,68.34,79,75,21.25,JP,2022-01-09 17:12:46
522,Kirakira,-10.4544,161.9205,79.12,86,59,7.43,SB,2022-01-09 17:12:46
523,Gimli,50.6336,-96.9907,-11.56,87,15,14.58,CA,2022-01-09 17:12:47
524,Mormugao,15.4,73.8,76.26,69,20,4.61,IN,2022-01-09 17:12:47
525,Seoul,37.5683,126.9778,26.04,55,25,0.94,KR,2022-01-09 17:09:29
526,Krasnoselkup,65.7,82.4667,-0.13,97,98,7.65,RU,2022-01-09 17:12:47
527,Prince Rupert,54.3161,-130.3201,44.69,76,100,21.85,CA,2022-01-09 17:12:48
528,Saint-Georges,12.0564,-61.7485,80.28,78,20,13.8,GD,2022-01-09 17:12:48
529,Mount Isa,-20.7333,139.5,80.37,16,2,10.36,AU,2022-01-09 17:12:48
530,Broome,42.2506,-75.833,35.64,79,100,4.0,US,2022-01-09 17:12:49
531,Bloemfontein,-29.1211,26.214,63.88,88,20,10.36,ZA,2022-01-09 17:12:49
532,Kiruna,67.8557,20.2251,5.92,85,100,3.44,SE,2022-01-09 17:12:49
533,Kayerkan,69.3497,87.7602,1.53,91,100,4.63,RU,2022-01-09 17:12:50
534,Ponta Delgada,37.7333,-25.6667,61.52,67,20,9.22,PT,2022-01-09 17:12:50
535,Chervona Sloboda,49.3789,32.1464,33.84,97,100,8.01,UA,2022-01-09 17:12:50
536,Magaria,12.9983,8.9099,79.52,17,1,9.31,NE,2022-01-09 17:12:50
537,Paracuru,-3.41,-39.0306,86.02,66,58,14.65,BR,2022-01-09 17:12:51
538,Villa Maria,-32.4075,-63.2402,98.87,13,21,9.15,AR,2022-01-09 17:12:51
539,Tombouctou,20.0,-3.0,69.67,10,88,11.99,ML,2022-01-09 17:12:51
540,Severo-Yeniseyskiy,60.3725,93.0408,22.24,95,100,5.37,RU,2022-01-09 17:12:52
541,Mandiana,10.6333,-8.6833,92.05,12,9,6.29,GN,2022-01-09 17:12:52
542,Namie,37.4833,141.0,42.96,74,100,4.79,JP,2022-01-09 17:12:52
543,High Level,58.5169,-117.136,-17.1,95,100,1.74,CA,2022-01-09 17:08:32
544,Wolnzach,48.6038,11.6257,37.98,88,100,6.91,DE,2022-01-09 17:12:53
545,Xiongzhou,25.1167,114.3,47.98,84,69,2.46,CN,2022-01-09 17:12:53
546,Neiafu,-18.65,-173.9833,77.68,88,75,0.0,TO,2022-01-09 17:12:53
547,Nuuk,64.1835,-51.7216,14.61,73,75,9.22,GL,2022-01-09 17:13:54
548,Villamontes,-21.25,-63.5,97.2,27,79,3.89,BO,2022-01-09 17:13:54
549,Rocha,-34.4833,-54.3333,88.45,32,0,17.78,UY,2022-01-09 17:13:54
550,Husavik,66.0449,-17.3389,35.24,85,44,10.56,IS,2022-01-09 17:13:55
551,Kisarawe,-6.9,39.0667,77.23,82,100,9.22,TZ,2022-01-09 17:13:55
552,Fukue,32.6881,128.8419,49.78,60,42,10.07,JP,2022-01-09 17:13:55
553,Miandrivazo,-19.5167,45.4667,81.5,73,97,7.94,MG,2022-01-09 17:13:55
554,Hazorasp,41.3194,61.0742,35.44,68,60,8.32,UZ,2022-01-09 17:13:56
555,Fairfield,41.2668,-73.3162,41.88,69,75,1.99,US,2022-01-09 17:13:56
556,Oktyabrskiy,54.4815,53.471,-3.48,100,67,5.48,RU,2022-01-09 17:13:56
557,Yar-Sale,66.8333,70.8333,-12.17,97,96,9.04,RU,2022-01-09 17:13:57
558,Figeac,44.75,1.9167,42.85,97,100,7.58,FR,2022-01-09 17:13:57
559,Arman,59.7,150.1667,8.02,85,100,8.39,RU,2022-01-09 17:13:57
560,Stornoway,58.2093,-6.3865,40.93,94,40,0.0,GB,2022-01-09 17:13:58
561,Sale,34.0389,-6.8166,61.48,63,0,5.75,MA,2022-01-09 17:12:25
562,Rosetown,51.5501,-108.0014,-15.02,85,100,2.06,CA,2022-01-09 17:13:58
563,Margate,51.3813,1.3862,43.03,80,12,11.56,GB,2022-01-09 17:13:58
564,Lagunas,-5.2269,-75.6753,97.5,34,69,5.59,PE,2022-01-09 17:13:59
565,Bilma,18.6853,12.9164,61.05,15,3,11.95,NE,2022-01-09 17:13:59
566,Warrnambool,-38.3833,142.4833,53.82,90,18,6.82,AU,2022-01-09 17:13:59
567,Long Beach,33.767,-118.1892,66.74,67,0,5.75,US,2022-01-09 17:13:26
568,Honningsvag,70.9821,25.9704,26.35,63,40,11.5,NO,2022-01-09 17:14:00
569,Khanapur,15.6333,74.5167,62.33,94,13,5.1,IN,2022-01-09 17:14:00
570,Barcelos,41.5388,-8.6151,58.28,98,100,7.47,PT,2022-01-09 17:14:00
571,Wahpeton,46.2652,-96.6059,-4.07,65,0,5.75,US,2022-01-09 17:10:12
572,Bontang,0.1333,117.5,78.57,85,43,8.32,ID,2022-01-09 17:13:30
573,Oriximina,-1.7656,-55.8661,86.54,55,98,1.79,BR,2022-01-09 17:14:01
574,Cruz Alta,-28.6386,-53.6064,86.23,25,0,7.87,BR,2022-01-09 17:14:01
575,Kawalu,-7.3817,108.2082,73.2,97,96,0.47,ID,2022-01-09 17:14:01
576,Kotovsk,47.7531,29.532,33.48,99,100,3.96,UA,2022-01-09 17:14:02
577,Byron Bay,-28.65,153.6167,72.88,81,30,5.44,AU,2022-01-09 17:14:02
578,Linares,-35.85,-71.6,88.14,20,52,8.37,CL,2022-01-09 17:14:02
579,Isangel,-19.55,169.2667,79.81,81,37,15.7,VU,2022-01-09 17:14:03
580,Anadyr,64.75,177.4833,-12.5,70,0,8.95,RU,2022-01-09 17:14:03
581,Naron,43.5167,-8.1528,59.85,96,100,14.92,ES,2022-01-09 17:14:03
582,Egvekinot,66.3167,-179.1667,-8.36,59,1,12.71,RU,2022-01-09 17:14:04
583,Yulara,-25.2406,130.9889,89.44,13,27,16.11,AU,2022-01-09 17:14:04
584,Zyryanskoye,56.8306,86.6258,22.35,90,96,12.95,RU,2022-01-09 17:14:04
585,San Severino Marche,43.2281,13.1802,35.71,99,100,6.29,IT,2022-01-09 17:14:04
586,Auki,-8.7676,160.7034,79.14,87,99,9.37,SB,2022-01-09 17:14:05
587,Aklavik,68.2191,-135.0107,-28.48,98,10,4.16,CA,2022-01-09 17:14:05
588,Casino,-28.8667,153.05,68.56,94,54,0.0,AU,2022-01-09 17:14:05
589,Kokopo,-4.352,152.2633,76.32,80,100,5.48,PG,2022-01-09 17:14:06
