City_ID,City,Country,Date,Lat,Lng,Max Temp,Humidity,Cloudiness,Wind Speed,Weather Description
0,Andros Town,BS,2022-01-13 02:47:59,24.7,-77.7667,69.76,75,85,12.97,overcast clouds
1,Clyde River,CA,2022-01-13 02:48:00,70.4692,-68.5914,-30.77,68,0,2.3,clear sky
2,Albany,US,2022-01-13 02:48:00,42.6001,-73.9662,32.61,67,100,2.82,overcast clouds
3,Kodiak,US,2022-01-13 02:48:00,57.79,-152.4072,29.71,86,0,0.0,clear sky
4,Hermanus,ZA,2022-01-13 02:48:01,-34.4187,19.2345,68.9,82,100,17.0,overcast clouds
5,Rikitea,PF,2022-01-13 02:48:01,-23.1203,-134.9692,77.07,75,6,19.22,light rain
6,Qaanaaq,GL,2022-01-13 02:48:01,77.484,-69.3632,-2.79,96,100,2.42,overcast clouds
7,Punta Arenas,CL,2022-01-13 02:48:01,-53.15,-70.9167,46.51,57,40,11.5,scattered clouds
8,Lakatoro,VU,2022-01-13 02:48:02,-16.0999,167.4164,86.77,59,4,6.8,clear sky
9,Ambilobe,MG,2022-01-13 02:48:02,-13.2,49.05,75.31,94,100,1.52,overcast clouds
10,Naze,JP,2022-01-13 02:48:02,28.3667,129.4833,56.32,64,100,17.11,overcast clouds
11,Cabo San Lucas,MX,2022-01-13 02:46:44,22.8909,-109.9124,75.51,73,100,3.96,overcast clouds
12,Solwezi,ZM,2022-01-13 02:48:03,-12.1688,26.3894,62.17,97,100,4.79,overcast clouds
13,Cervo,ES,2022-01-13 02:48:03,43.6702,-7.4101,33.19,80,2,17.72,clear sky
14,Avarua,CK,2022-01-13 02:48:03,-21.2078,-159.775,82.45,74,75,13.8,broken clouds
15,Porto Novo,BJ,2022-01-13 02:48:04,6.4965,2.6036,84.02,85,84,6.33,light rain
16,Jamestown,US,2022-01-13 02:43:11,42.097,-79.2353,33.39,63,100,0.0,overcast clouds
17,Ancud,CL,2022-01-13 02:48:04,-41.8697,-73.8203,57.22,92,2,4.74,clear sky
18,Cidreira,BR,2022-01-13 02:47:47,-30.1811,-50.2056,73.06,82,0,14.38,clear sky
19,Mnogovershinnyy,RU,2022-01-13 02:48:04,53.9353,139.9242,7.99,92,100,7.65,overcast clouds
20,Flinders,AU,2022-01-13 02:48:05,-34.5833,150.8552,78.08,79,66,8.68,light rain
21,Arraial Do Cabo,BR,2022-01-13 02:48:05,-22.9661,-42.0278,75.67,90,100,2.37,overcast clouds
22,Busselton,AU,2022-01-13 02:48:05,-33.65,115.3333,79.32,47,6,9.48,clear sky
23,Paamiut,GL,2022-01-13 02:48:06,61.994,-49.6678,6.35,84,46,12.71,scattered clouds
24,Ribeira Grande,PT,2022-01-13 02:48:06,38.5167,-28.7,61.2,76,6,14.41,clear sky
25,Nikolskoye,RU,2022-01-13 02:48:06,59.7035,30.7861,28.87,94,100,13.31,snow
26,Sisimiut,GL,2022-01-13 02:48:07,66.9395,-53.6735,13.78,82,100,7.43,light snow
27,Sandakan,MY,2022-01-13 02:48:07,5.8402,118.1179,83.88,74,40,10.0,scattered clouds
28,Bengkulu,ID,2022-01-13 02:48:07,-3.8004,102.2655,83.32,66,30,2.95,scattered clouds
29,La Ronge,CA,2022-01-13 02:48:07,55.1001,-105.2842,12.45,79,75,5.75,broken clouds
30,Barrow,US,2022-01-13 02:48:08,71.2906,-156.7887,-9.38,70,20,8.05,few clouds
31,Ushuaia,AR,2022-01-13 02:48:08,-54.8,-68.3,44.26,70,75,19.57,broken clouds
32,Jijiang,CN,2022-01-13 02:48:09,29.2906,106.2542,53.49,71,100,3.0,overcast clouds
33,Vaini,TO,2022-01-13 02:48:09,-21.2,-175.2,78.96,100,75,5.75,light intensity shower rain
34,Pevek,RU,2022-01-13 02:48:09,69.7008,170.3133,-19.35,96,28,1.5,scattered clouds
35,Castro,BR,2022-01-13 02:48:10,-24.7911,-50.0119,61.48,97,69,4.92,broken clouds
36,Miri,MY,2022-01-13 02:45:09,4.4148,114.0089,82.54,83,40,12.66,scattered clouds
37,Hithadhoo,MV,2022-01-13 02:48:10,-0.6,73.0833,82.47,73,100,7.78,overcast clouds
38,Makakilo City,US,2022-01-13 02:48:10,21.3469,-158.0858,79.12,69,100,6.91,overcast clouds
39,Mataura,NZ,2022-01-13 02:48:11,-46.1927,168.8643,60.48,41,10,6.29,clear sky
40,Port Alfred,ZA,2022-01-13 02:48:11,-33.5906,26.891,70.63,88,97,13.78,overcast clouds
41,Kapaa,US,2022-01-13 02:48:11,22.0752,-159.319,76.98,76,100,1.01,overcast clouds
42,Hasaki,JP,2022-01-13 02:48:12,35.7333,140.8333,50.29,44,100,11.23,overcast clouds
43,Yumen,CN,2022-01-13 02:48:12,40.2833,97.2,23.58,42,100,10.25,overcast clouds
44,Bluff,NZ,2022-01-13 02:48:12,-46.6,168.3333,60.8,70,58,6.78,broken clouds
45,Eskil,TR,2022-01-13 02:48:12,38.4017,33.4131,32.63,96,100,14.97,snow
46,Vestmanna,FO,2022-01-13 02:49:13,62.1564,-7.1664,47.32,93,100,19.57,overcast clouds
47,Talnakh,RU,2022-01-13 02:49:13,69.4865,88.3972,-9.8,97,100,13.85,light snow
48,Voh,NC,2022-01-13 02:49:13,-20.9667,164.7,83.97,71,47,12.82,scattered clouds
49,Kutum,SD,2022-01-13 02:49:14,14.2,24.6667,67.91,35,78,4.21,broken clouds
50,Marzuq,YE,2022-01-13 02:49:14,14.4,46.4667,58.6,54,10,1.86,clear sky
51,Beringovskiy,RU,2022-01-13 02:49:14,63.05,179.3167,-13.31,93,35,10.65,scattered clouds
52,Butaritari,KI,2022-01-13 02:49:15,3.0707,172.7902,82.76,78,14,15.86,few clouds
53,Komsomolskiy,UZ,2022-01-13 02:49:15,40.4272,71.7189,36.32,48,100,9.22,overcast clouds
54,Torbay,CA,2022-01-13 02:45:33,47.6666,-52.7314,22.26,78,75,12.66,broken clouds
55,Port Elizabeth,ZA,2022-01-13 02:49:15,-33.918,25.5701,70.11,83,100,6.91,overcast clouds
56,Saskylakh,RU,2022-01-13 02:49:16,71.9167,114.0833,-36.17,100,70,5.21,broken clouds
57,Thompson,CA,2022-01-13 02:49:16,55.7435,-97.8558,-23.64,76,0,3.44,clear sky
58,Mar Del Plata,AR,2022-01-13 02:48:34,-38.0023,-57.5575,71.1,73,0,3.0,clear sky
59,Nishihara,JP,2022-01-13 02:49:16,26.1842,127.7558,58.68,76,75,17.27,broken clouds
60,Faanui,PF,2022-01-13 02:49:17,-16.4833,-151.75,78.01,84,100,15.64,light rain
61,Yellowknife,CA,2022-01-13 02:49:17,62.456,-114.3525,-7.58,84,100,5.75,light snow
62,Shitanjing,CN,2022-01-13 02:49:17,39.2342,106.3439,19.4,39,0,7.16,clear sky
63,Bredasdorp,ZA,2022-01-13 02:49:18,-34.5322,20.0403,68.29,77,100,13.8,overcast clouds
64,Bay Roberts,CA,2022-01-13 02:49:18,47.5999,-53.2648,22.05,76,100,3.0,overcast clouds
65,Georgetown,MY,2022-01-13 02:49:18,5.4112,100.3354,84.13,58,20,1.01,few clouds
66,Qasigiannguit,GL,2022-01-13 02:49:19,68.8193,-51.1922,12.45,92,94,6.46,overcast clouds
67,Saint-Philippe,RE,2022-01-13 02:49:19,-21.3585,55.7679,76.59,84,100,10.56,light rain
68,Cedar City,US,2022-01-13 02:49:19,37.6775,-113.0619,40.39,60,0,5.75,clear sky
69,Sharkan,RU,2022-01-13 02:49:19,57.2989,53.8712,-7.74,100,26,3.98,scattered clouds
70,Broome,US,2022-01-13 02:49:20,42.2506,-75.833,33.91,74,100,1.99,overcast clouds
71,Klaksvik,FO,2022-01-13 02:49:20,62.2266,-6.589,49.12,89,100,39.55,overcast clouds
72,Dikson,RU,2022-01-13 02:49:20,73.5069,80.5464,-2.04,94,100,20.49,light snow
73,Loukhi,RU,2022-01-13 02:49:21,66.0764,33.0381,32.2,94,100,11.65,light snow
74,Mount Isa,AU,2022-01-13 02:49:21,-20.7333,139.5,96.57,34,40,10.36,scattered clouds
75,Sept-Iles,CA,2022-01-13 02:48:16,50.2001,-66.3821,0.03,83,40,1.01,scattered clouds
76,Ostrovnoy,RU,2022-01-13 02:49:21,68.0531,39.5131,26.42,87,100,24.36,overcast clouds
77,Fortuna,US,2022-01-13 02:49:22,40.5982,-124.1573,56.32,82,0,1.99,clear sky
78,Ngunguru,NZ,2022-01-13 02:49:22,-35.6167,174.5,76.15,68,0,16.6,clear sky
79,Hilo,US,2022-01-13 02:46:08,19.7297,-155.09,78.53,85,100,4.61,moderate rain
80,Atuona,PF,2022-01-13 02:49:22,-9.8,-139.0333,77.85,73,12,8.25,few clouds
81,Takaka,NZ,2022-01-13 02:49:23,-40.85,172.8,66.56,63,71,10.0,broken clouds
82,North Platte,US,2022-01-13 02:49:23,41.1239,-100.7654,40.24,72,0,4.0,clear sky
83,Bentiu,SS,2022-01-13 02:49:24,9.2333,29.8333,81.54,31,79,4.54,broken clouds
84,Meadow Lake,US,2022-01-13 02:45:30,34.8014,-106.5436,45.88,39,0,6.6,clear sky
85,Kontagora,NG,2022-01-13 02:49:24,10.3999,5.4695,73.31,22,3,4.88,clear sky
86,Tolga,DZ,2022-01-13 02:49:24,34.7222,5.3785,49.01,58,0,12.53,clear sky
87,Pisco,PE,2022-01-13 02:44:54,-13.7,-76.2167,72.01,88,100,9.22,overcast clouds
88,Aksarka,RU,2022-01-13 02:49:25,66.5606,67.7975,9.3,88,100,12.1,overcast clouds
89,Haines Junction,CA,2022-01-13 02:50:25,60.7522,-137.5108,12.15,85,100,2.3,overcast clouds
90,Quatre Cocos,MU,2022-01-13 02:50:25,-20.2078,57.7625,81.09,84,98,8.68,overcast clouds
91,Beyneu,KZ,2022-01-13 02:50:26,45.3167,55.2,28.27,85,12,7.65,few clouds
92,Krasnoturansk,RU,2022-01-13 02:50:26,54.3186,91.5639,11.19,96,100,3.24,overcast clouds
93,Cape Town,ZA,2022-01-13 02:47:25,-33.9258,18.4232,69.89,69,0,3.0,clear sky
94,Lompoc,US,2022-01-13 02:50:26,34.6391,-120.4579,64.13,49,0,0.0,clear sky
95,Lebu,CL,2022-01-13 02:50:27,-37.6167,-73.65,56.5,93,8,5.82,clear sky
96,Otjiwarongo,NA,2022-01-13 02:50:27,-20.4637,16.6477,64.58,30,100,4.34,overcast clouds
97,Bulawayo,ZW,2022-01-13 02:50:27,-20.15,28.5833,64.06,95,100,12.24,light rain
98,Urucara,BR,2022-01-13 02:50:28,-2.5364,-57.76,74.03,92,91,0.96,overcast clouds
99,Gazli,UZ,2022-01-13 02:50:28,40.1333,63.45,38.01,91,96,3.8,overcast clouds
100,Negombo,LK,2022-01-13 02:47:10,7.2083,79.8358,78.85,100,20,2.3,few clouds
101,San Cristobal,VE,2022-01-13 02:50:28,7.7669,-72.225,68.18,93,54,2.15,broken clouds
102,Normandin,CA,2022-01-13 02:50:29,48.8333,-72.5321,3.51,77,51,9.22,broken clouds
103,Severo-Kurilsk,RU,2022-01-13 02:50:29,50.6789,156.125,31.95,88,100,41.94,light snow
104,Khatanga,RU,2022-01-13 02:50:29,71.9667,102.5,-11.69,99,100,5.26,overcast clouds
105,Bairiki,KI,2022-01-13 02:50:30,1.3292,172.9752,86.0,70,20,14.97,few clouds
106,Erzin,TR,2022-01-13 02:50:30,36.9559,36.2,43.32,86,100,1.61,overcast clouds
107,Moerai,PF,2022-01-13 02:50:30,-22.4333,-151.3333,76.57,85,100,12.66,light rain
108,Sur,OM,2022-01-13 02:50:30,22.5667,59.5289,66.42,55,2,0.92,clear sky
109,Sitka,US,2022-01-13 02:50:31,57.0531,-135.33,39.09,93,100,0.0,overcast clouds
110,Serebryansk,KZ,2022-01-13 02:50:31,49.6925,83.2892,-2.65,88,100,4.23,overcast clouds
111,Amurzet,RU,2022-01-13 02:50:31,47.6967,131.0981,-4.25,82,100,12.53,overcast clouds
112,San Patricio,US,2022-01-13 02:50:32,28.017,-97.5169,62.58,80,48,4.81,scattered clouds
113,Tasiilaq,GL,2022-01-13 02:50:32,65.6145,-37.6368,4.62,63,42,10.2,scattered clouds
114,Lucapa,AO,2022-01-13 02:50:32,-8.4192,20.7447,64.99,99,100,3.47,light rain
115,San Mateo Del Mar,MX,2022-01-13 02:46:16,16.2,-95.0,75.83,70,1,30.78,clear sky
116,Waingapu,ID,2022-01-13 02:46:08,-9.6567,120.2641,87.26,65,97,4.72,moderate rain
117,Cherskiy,RU,2022-01-13 02:50:33,68.75,161.3,-28.55,99,15,2.53,few clouds
118,Doctor Arroyo,MX,2022-01-13 02:50:33,23.6667,-100.1833,58.77,57,62,2.8,broken clouds
119,Okha,RU,2022-01-13 02:50:33,53.5739,142.9478,23.95,86,100,14.97,overcast clouds
120,Bara,NG,2022-01-13 02:50:34,10.3744,10.7288,67.46,24,2,5.12,clear sky
121,Sinegorye,RU,2022-01-13 02:50:34,62.0788,150.477,-10.7,92,100,2.91,overcast clouds
122,Iganga,UG,2022-01-13 02:50:34,0.6092,33.4686,64.06,55,100,5.75,overcast clouds
123,Isfana,KG,2022-01-13 02:50:35,39.8386,69.5306,25.36,69,100,5.64,overcast clouds
124,Ketchikan,US,2022-01-13 02:50:35,55.3422,-131.6461,39.18,100,100,3.44,fog
125,Antalaha,MG,2022-01-13 02:50:35,-14.9003,50.2788,75.38,89,100,4.14,overcast clouds
126,Thai Binh,VN,2022-01-13 02:50:36,20.45,106.3333,60.8,78,100,10.85,overcast clouds
127,Brigantine,US,2022-01-13 02:50:36,39.4101,-74.3646,38.01,71,0,0.0,clear sky
128,Saint-Gilles,FR,2022-01-13 02:50:36,43.6766,4.4302,35.69,75,0,11.5,clear sky
129,Hobart,AU,2022-01-13 02:46:13,-42.8794,147.3294,72.01,66,75,1.99,broken clouds
130,Carutapera,BR,2022-01-13 02:50:37,-1.195,-46.02,75.87,88,74,4.07,broken clouds
131,Dingle,PH,2022-01-13 02:50:37,10.9995,122.6711,80.94,70,93,15.23,overcast clouds
132,Mahebourg,MU,2022-01-13 02:50:37,-20.4081,57.7,81.25,88,40,5.75,scattered clouds
133,Saint-Augustin,CA,2022-01-13 02:50:38,51.226,-58.6502,23.49,92,100,19.51,snow
134,Taoudenni,ML,2022-01-13 02:50:38,22.6783,-3.9836,60.33,14,50,8.55,scattered clouds
135,Puerto Rico,AR,2022-01-13 02:51:38,-26.796,-55.024,69.75,28,0,2.28,clear sky
136,Snyder,US,2022-01-13 02:51:39,32.7179,-100.9176,53.94,28,0,0.0,clear sky
137,Culleredo,ES,2022-01-13 02:51:39,43.2879,-8.3886,45.28,77,0,4.61,clear sky
138,Isla Aguada,MX,2022-01-13 02:51:39,18.7833,-91.4667,74.88,77,0,9.69,clear sky
139,Idah,NG,2022-01-13 02:51:40,7.1065,6.7342,77.0,78,42,3.31,scattered clouds
140,Srednekolymsk,RU,2022-01-13 02:51:40,67.45,153.6833,-38.51,100,89,2.33,overcast clouds
141,Saint George,US,2022-01-13 02:48:36,37.1041,-113.5841,51.53,41,0,1.99,clear sky
142,Geraldton,AU,2022-01-13 02:51:40,-28.7667,114.6,79.21,57,0,19.57,clear sky
143,Oakley,US,2022-01-13 02:51:41,37.9974,-121.7124,58.51,78,100,1.54,overcast clouds
144,Carnarvon,AU,2022-01-13 02:51:41,-24.8667,113.6333,84.27,48,0,18.41,clear sky
145,Airai,TL,2022-01-13 02:51:41,-8.9266,125.4092,71.67,67,100,4.81,overcast clouds
146,Cutlerville,US,2022-01-13 02:51:42,42.8409,-85.6636,36.25,90,100,0.0,overcast clouds
147,New Norfolk,AU,2022-01-13 02:51:42,-42.7826,147.0587,72.66,36,94,8.03,overcast clouds
148,Ilulissat,GL,2022-01-13 02:51:42,69.2167,-51.1,1.98,95,100,5.95,overcast clouds
149,Esperance,AU,2022-01-13 02:51:42,-33.8667,121.9,87.64,47,1,13.13,clear sky
150,Chokurdakh,RU,2022-01-13 02:51:43,70.6333,147.9167,-34.53,100,100,3.91,overcast clouds
151,Te Anau,NZ,2022-01-13 02:51:43,-45.4167,167.7167,68.16,40,1,4.56,clear sky
152,Valparaiso,CL,2022-01-13 02:51:44,-33.0393,-71.6273,62.24,88,0,4.61,clear sky
153,Kismayo,SO,2022-01-13 02:51:44,-0.3582,42.5454,77.18,84,99,12.01,overcast clouds
154,Atar,MR,2022-01-13 02:51:44,20.5169,-13.0499,69.82,16,99,11.21,overcast clouds
155,Lavrentiya,RU,2022-01-13 02:51:44,65.5833,-171.0,-15.77,94,28,9.84,scattered clouds
156,Hualmay,PE,2022-01-13 02:51:45,-11.0964,-77.6139,70.9,83,100,9.06,overcast clouds
157,Ust-Maya,RU,2022-01-13 02:51:45,60.4167,134.5333,-16.42,94,63,2.19,broken clouds
158,Muisne,EC,2022-01-13 02:51:45,0.6,-80.0333,76.64,86,91,7.56,overcast clouds
159,Balkanabat,TM,2022-01-13 02:51:46,39.5108,54.3671,48.81,58,100,6.38,overcast clouds
160,Bajil,YE,2022-01-13 02:51:46,15.0584,43.2851,73.89,75,64,2.95,broken clouds
161,Novyy Urgal,RU,2022-01-13 02:51:46,51.0736,132.5642,0.27,91,100,1.3,overcast clouds
162,Mayo,US,2022-01-13 02:51:47,38.8876,-76.5119,40.66,75,0,1.01,clear sky
163,Sibu,MY,2022-01-13 02:51:47,2.3,111.8167,80.91,88,40,5.01,scattered clouds
164,Acurenam,GQ,2022-01-13 02:51:47,1.0322,10.6488,68.14,99,96,3.27,overcast clouds
165,Huarmey,PE,2022-01-13 02:51:48,-10.0681,-78.1522,71.08,81,93,8.14,overcast clouds
166,Shingu,JP,2022-01-13 02:51:48,33.7333,135.9833,47.39,52,6,18.19,clear sky
167,Sinjar,IQ,2022-01-13 02:51:48,36.3209,41.8754,49.51,84,100,8.3,overcast clouds
168,Katra,IN,2022-01-13 02:51:48,32.9833,74.95,43.21,58,100,7.83,overcast clouds
169,Abha,SA,2022-01-13 02:51:49,18.2164,42.5053,50.25,71,0,0.0,clear sky
170,Ballina,AU,2022-01-13 02:50:32,-28.8667,153.5667,84.38,59,40,11.5,scattered clouds
171,Kaitangata,NZ,2022-01-13 02:51:49,-46.2817,169.8464,60.93,61,16,11.68,few clouds
172,Ust-Tsilma,RU,2022-01-13 02:51:49,65.441,52.1498,14.83,73,98,12.93,overcast clouds
173,Mutare,ZW,2022-01-13 02:51:50,-18.9707,32.6709,63.93,98,100,2.75,overcast clouds
174,Katsuura,JP,2022-01-13 02:51:50,35.1333,140.3,49.19,57,86,19.22,overcast clouds
175,San Jose,US,2022-01-13 02:51:50,37.3394,-121.895,60.24,70,100,0.0,overcast clouds
176,East London,ZA,2022-01-13 02:48:51,-33.0153,27.9116,70.45,86,100,10.6,light rain
177,Padang,ID,2022-01-13 02:51:51,-0.9492,100.3543,86.05,63,64,2.89,broken clouds
178,Zeya,RU,2022-01-13 02:51:51,53.75,127.2667,-0.92,78,29,1.3,scattered clouds
179,Norman Wells,CA,2022-01-13 02:51:51,65.282,-126.8329,-9.36,64,75,3.44,broken clouds
180,Nanortalik,GL,2022-01-13 02:52:52,60.1432,-45.2371,15.69,80,85,7.11,overcast clouds
181,Mengcheng,CN,2022-01-13 02:52:52,33.2579,116.5655,36.3,31,35,5.66,scattered clouds
182,Lyons,US,2022-01-13 02:52:52,41.8134,-87.8181,35.94,83,73,1.14,broken clouds
183,Helmsdale,GB,2022-01-13 02:52:53,58.1168,-3.6517,49.95,77,100,29.46,overcast clouds
184,Alice Springs,AU,2022-01-13 02:52:53,-23.7,133.8833,99.95,14,0,5.75,clear sky
185,Trento,IT,2022-01-13 02:52:53,46.0679,11.1211,34.25,70,0,2.42,clear sky
186,Puerto Ayora,EC,2022-01-13 02:52:53,-0.7393,-90.3518,74.43,81,49,7.65,scattered clouds
187,Port Hardy,CA,2022-01-13 02:52:54,50.6996,-127.4199,49.75,93,100,11.5,light intensity shower rain
188,Portland,US,2022-01-13 02:48:47,45.5234,-122.6762,54.61,80,75,5.99,broken clouds
189,Bako,ET,2022-01-13 02:52:54,5.7833,36.5667,65.35,53,100,3.87,overcast clouds
190,Lagoa,PT,2022-01-13 02:52:54,39.05,-27.9833,60.66,75,79,13.44,broken clouds
191,Ambon,ID,2022-01-13 02:52:55,-3.6954,128.1814,80.74,89,40,3.44,scattered clouds
192,Panguna,PG,2022-01-13 02:52:55,-6.3164,155.4848,81.18,69,87,3.67,light rain
193,Oyama,JP,2022-01-13 02:52:55,36.3,139.8,49.89,25,32,7.87,scattered clouds
194,Almaznyy,RU,2022-01-13 02:52:55,48.0448,40.045,6.94,85,72,10.54,broken clouds
195,Lorengau,PG,2022-01-13 02:52:56,-2.0226,147.2712,85.35,66,93,11.34,overcast clouds
196,Upernavik,GL,2022-01-13 02:52:56,72.7868,-56.1549,5.86,92,100,4.7,overcast clouds
197,San Luis,AR,2022-01-13 02:52:56,-33.295,-66.3356,82.83,24,30,11.65,scattered clouds
198,Panaba,MX,2022-01-13 02:52:57,21.2833,-88.2667,67.08,83,5,7.65,clear sky
199,Chuy,UY,2022-01-13 02:52:57,-33.6971,-53.4616,67.73,88,0,7.29,clear sky
200,Oni,GE,2022-01-13 02:52:57,42.5794,43.4425,38.61,99,100,2.98,overcast clouds
201,Svetlogorsk,BY,2022-01-13 02:52:58,52.6333,29.7333,7.41,91,20,6.8,few clouds
202,Tuktoyaktuk,CA,2022-01-13 02:52:58,69.4541,-133.0374,-16.6,76,20,16.11,few clouds
203,Deming,US,2022-01-13 02:50:04,32.2687,-107.7586,46.29,42,0,4.61,clear sky
204,Souillac,MU,2022-01-13 02:52:58,-20.5167,57.5167,81.36,88,40,5.75,light rain
205,Isangel,VU,2022-01-13 02:52:59,-19.55,169.2667,86.11,79,20,11.5,few clouds
206,Coaraci,BR,2022-01-13 02:52:59,-14.6408,-39.5511,76.44,97,5,1.12,clear sky
207,Puerto Escondido,MX,2022-01-13 02:52:59,15.85,-97.0667,79.63,69,20,0.0,few clouds
208,Chicama,PE,2022-01-13 02:53:00,-7.8447,-79.1469,70.34,78,94,5.46,overcast clouds
209,Laguna,US,2022-01-13 02:53:00,38.421,-121.4238,57.7,85,0,0.0,clear sky
210,Waddan,LY,2022-01-13 02:53:00,29.1614,16.139,45.55,77,5,7.74,clear sky
211,Davila,PH,2022-01-13 02:53:01,18.4726,120.5763,78.78,72,25,20.04,scattered clouds
212,Ponta Do Sol,PT,2022-01-13 02:53:01,32.6667,-17.1,62.71,70,50,3.24,scattered clouds
213,Raton,US,2022-01-13 02:53:01,36.9034,-104.4391,40.59,44,5,3.4,clear sky
214,Den Helder,NL,2022-01-13 02:53:02,52.9599,4.7593,46.38,99,4,8.01,mist
215,Hamilton,US,2022-01-13 02:53:02,39.1834,-84.5333,41.77,70,100,5.1,overcast clouds
216,Aksay,RU,2022-01-13 02:53:02,47.26,39.87,8.82,68,86,9.86,overcast clouds
217,Abu Samrah,SY,2022-01-13 02:53:03,35.3029,37.1841,50.22,80,92,9.31,overcast clouds
218,Sioux Lookout,CA,2022-01-13 02:51:41,50.1001,-91.917,10.78,85,100,4.61,overcast clouds
219,Igurubi,TZ,2022-01-13 02:53:03,-4.0,33.7,64.26,51,94,5.77,overcast clouds
220,Necochea,AR,2022-01-13 02:53:03,-38.5473,-58.7368,81.03,35,0,18.3,clear sky
221,Dicabisagan,PH,2022-01-13 02:53:04,17.0818,122.4157,74.55,77,65,6.22,broken clouds
222,Port Blair,IN,2022-01-13 02:53:04,11.6667,92.75,82.81,70,100,12.17,overcast clouds
223,The Valley,AI,2022-01-13 02:53:04,18.217,-63.0578,75.09,75,10,15.86,clear sky
224,Turayf,SA,2022-01-13 02:53:05,31.6725,38.6637,44.85,87,40,6.91,scattered clouds
225,Bethel,US,2022-01-13 02:53:05,41.3712,-73.414,32.81,77,84,2.8,broken clouds
226,Almeria,ES,2022-01-13 02:53:05,37.1667,-2.3333,44.78,86,28,4.92,scattered clouds
227,Spas-Klepiki,RU,2022-01-13 02:54:06,55.1347,40.1767,1.62,98,90,3.83,snow
228,Zonguldak,TR,2022-01-13 02:54:06,41.25,31.8333,26.85,98,100,3.8,light snow
229,Santa Rosa,PH,2022-01-13 02:54:06,14.3122,121.1114,82.38,71,59,10.69,broken clouds
230,Fairbanks,US,2022-01-13 02:54:07,64.8378,-147.7164,15.93,85,100,0.0,overcast clouds
231,Meulaboh,ID,2022-01-13 02:54:07,4.1363,96.1285,80.11,77,87,2.86,overcast clouds
232,Anloga,GH,2022-01-13 02:54:07,5.7947,0.8973,82.62,81,100,11.16,light rain
233,Kavaratti,IN,2022-01-13 02:54:08,10.5669,72.642,78.51,68,98,10.65,overcast clouds
234,Ulladulla,AU,2022-01-13 02:54:08,-35.35,150.4667,77.9,71,52,9.08,light rain
235,Namatanai,PG,2022-01-13 02:54:08,-3.6667,152.4333,85.03,68,81,10.07,light rain
236,Gazanjyk,TM,2022-01-13 02:54:08,39.2446,55.5154,43.99,85,100,11.32,overcast clouds
237,Salinas,US,2022-01-13 02:51:08,36.6777,-121.6555,61.68,60,0,3.44,clear sky
238,San Matias,BO,2022-01-13 02:54:09,-16.3667,-58.4,78.06,68,50,4.68,scattered clouds
239,Ellington,US,2022-01-13 02:53:23,41.904,-72.4698,32.9,72,58,4.32,broken clouds
240,Goundam,ML,2022-01-13 02:54:09,16.4145,-3.6708,66.51,10,50,9.46,scattered clouds
241,Kemijarvi,FI,2022-01-13 02:54:10,66.7131,27.4306,31.1,77,100,13.51,overcast clouds
242,Luanda,AO,2022-01-13 02:51:48,-8.8368,13.2343,75.56,80,100,4.59,overcast clouds
243,Kudahuvadhoo,MV,2022-01-13 02:54:10,2.6708,72.8944,81.88,72,100,7.34,overcast clouds
244,Big Spring,US,2022-01-13 02:54:10,32.2504,-101.4787,53.55,33,0,1.01,clear sky
245,Zhengjiatun,CN,2022-01-13 02:54:11,43.5064,123.5064,4.26,73,5,6.33,clear sky
246,Dannenberg,DE,2022-01-13 02:54:11,53.0967,11.09,40.62,93,1,12.15,clear sky
247,Cuamba,MZ,2022-01-13 02:54:11,-14.8031,36.5372,69.08,98,100,3.2,overcast clouds
248,Kenora,CA,2022-01-13 02:54:11,49.8167,-94.4337,15.78,85,100,6.91,overcast clouds
249,Lagos,NG,2022-01-13 02:54:12,6.5833,3.75,80.92,86,100,5.37,light rain
250,Qaqortoq,GL,2022-01-13 02:54:12,60.7167,-46.0333,3.13,86,27,8.28,scattered clouds
251,Saint-Pierre,RE,2022-01-13 02:54:12,-21.3393,55.4781,77.29,83,0,5.75,clear sky
252,Novopavlovka,RU,2022-01-13 02:54:13,51.2172,109.2091,2.75,79,100,2.17,overcast clouds
253,Suntar,RU,2022-01-13 02:54:13,62.1444,117.6319,-9.0,98,99,2.26,overcast clouds
254,Merrill,US,2022-01-13 02:54:13,45.1805,-89.6835,26.78,86,100,0.0,overcast clouds
255,Constitucion,CL,2022-01-13 02:54:14,-35.3333,-72.4167,57.38,93,10,5.88,clear sky
256,Itum-Kale,RU,2022-01-13 02:54:14,42.7356,45.5758,39.33,73,93,1.59,overcast clouds
257,Guerrero Negro,MX,2022-01-13 02:54:10,27.9769,-114.0611,68.34,41,50,6.13,scattered clouds
258,Kidal,ML,2022-01-13 02:54:14,18.4411,1.4078,63.34,19,2,10.13,clear sky
259,Biankouma,CI,2022-01-13 02:54:15,7.7391,-7.6138,68.52,30,37,1.86,scattered clouds
260,Iqaluit,CA,2022-01-13 02:54:15,63.7506,-68.5145,-16.31,62,40,5.01,scattered clouds
261,Arlit,NE,2022-01-13 02:54:15,18.7369,7.3853,63.03,7,0,8.08,clear sky
262,Bandarbeyla,SO,2022-01-13 02:54:16,9.4942,50.8122,73.15,70,22,15.77,few clouds
263,Coihaique,CL,2022-01-13 02:54:16,-45.5752,-72.0662,58.95,51,0,2.3,clear sky
264,Avera,US,2022-01-13 02:54:16,33.194,-82.5271,42.71,56,100,3.91,overcast clouds
265,Kruisfontein,ZA,2022-01-13 02:54:17,-34.0033,24.7314,67.89,96,99,4.23,overcast clouds
266,Sao Filipe,CV,2022-01-13 02:54:17,14.8961,-24.4956,72.21,68,86,4.32,overcast clouds
267,Luderitz,NA,2022-01-13 02:54:17,-26.6481,15.1594,63.97,94,5,8.32,clear sky
268,Anandpur Sahib,IN,2022-01-13 02:54:18,31.25,76.5,52.32,70,73,2.37,broken clouds
269,Misratah,LY,2022-01-13 02:54:18,32.3754,15.0925,56.53,75,16,20.94,few clouds
270,Vostok,RU,2022-01-13 02:54:18,46.4856,135.8833,-2.51,93,100,4.38,light snow
271,Yurkivka,UA,2022-01-13 02:54:18,49.0126,31.1013,10.76,83,6,9.86,clear sky
272,Angoche,MZ,2022-01-13 02:54:19,-16.2325,39.9086,75.25,92,100,4.74,overcast clouds
273,Bat Khela,PK,2022-01-13 02:55:19,34.6167,71.9714,44.01,41,54,5.21,broken clouds
274,Bambous Virieux,MU,2022-01-13 02:55:07,-20.3428,57.7575,82.22,88,40,5.75,scattered clouds
275,Wuzhou,CN,2022-01-13 02:55:19,23.4833,111.3167,57.88,59,100,5.55,overcast clouds
276,Sobolevo,RU,2022-01-13 02:55:20,54.4299,31.8996,-1.23,97,86,6.73,overcast clouds
277,Mukhen,RU,2022-01-13 02:55:20,48.1,136.1,1.9,93,100,3.22,light snow
278,Caravelas,BR,2022-01-13 02:55:20,-17.7125,-39.2481,73.38,93,0,5.28,clear sky
279,Moussoro,TD,2022-01-13 02:55:21,13.6408,16.4901,69.44,10,6,10.8,clear sky
280,Kavieng,PG,2022-01-13 02:55:21,-2.5744,150.7967,85.17,66,98,11.72,overcast clouds
281,Manokwari,ID,2022-01-13 02:55:21,-0.8667,134.0833,84.31,67,92,5.28,light rain
282,Camacha,PT,2022-01-13 02:55:22,33.0833,-16.3333,60.22,77,75,11.5,broken clouds
283,Platteville,US,2022-01-13 02:55:22,42.7342,-90.4785,34.36,100,0,3.44,clear sky
284,Labelle,US,2022-01-13 02:55:22,26.7617,-81.4384,66.97,72,100,9.75,overcast clouds
285,Nantucket,US,2022-01-13 02:55:23,41.2835,-70.0995,38.14,82,73,16.6,broken clouds
286,Touros,BR,2022-01-13 02:51:12,-5.1989,-35.4608,79.7,84,45,5.48,scattered clouds
287,Riyadh,SA,2022-01-13 02:55:23,24.6877,46.7219,57.34,38,1,7.92,clear sky
288,Najran,SA,2022-01-13 02:55:23,17.4924,44.1277,52.45,39,2,1.14,clear sky
289,Labuhan,ID,2022-01-13 02:55:24,-6.8844,112.2051,80.19,80,100,13.2,overcast clouds
290,Hoa Binh,VN,2022-01-13 02:55:24,20.8133,105.3383,60.69,88,100,2.71,overcast clouds
291,Muleba,TZ,2022-01-13 02:55:24,-1.8397,31.6544,68.05,69,95,2.3,overcast clouds
292,Preobrazheniye,RU,2022-01-13 02:55:25,42.9019,133.9064,14.49,44,50,9.46,scattered clouds
293,Chapais,CA,2022-01-13 02:55:25,49.7834,-74.8492,-22.22,100,58,0.92,broken clouds
294,Yenagoa,NG,2022-01-13 02:55:25,4.9247,6.2642,78.87,89,98,3.56,overcast clouds
295,Tamandare,BR,2022-01-13 02:55:26,-8.7597,-35.1047,76.35,87,52,1.34,broken clouds
296,Provideniya,RU,2022-01-13 02:55:26,64.3833,-173.3,5.11,61,0,20.13,clear sky
297,Bayir,TR,2022-01-13 02:55:26,37.2687,28.2167,39.72,93,97,6.67,overcast clouds
298,Vao,NC,2022-01-13 02:55:26,-22.6667,167.4833,77.11,80,20,22.21,few clouds
299,Bom Jesus,BR,2022-01-13 02:55:27,-9.0744,-44.3586,71.15,93,100,0.92,overcast clouds
300,Shunyi,CN,2022-01-13 02:55:27,40.125,116.6453,31.95,27,0,8.95,clear sky
301,Pahalgam,IN,2022-01-13 02:55:27,34.0333,75.3333,19.81,71,100,9.55,overcast clouds
302,Chifeng,CN,2022-01-13 02:55:28,42.2683,118.9636,16.45,30,0,8.05,clear sky
303,Cap Malheureux,MU,2022-01-13 02:55:28,-19.9842,57.6142,82.47,82,100,5.01,overcast clouds
304,Gazimurskiy Zavod,RU,2022-01-13 02:55:28,51.5461,118.3266,-2.27,82,75,3.87,broken clouds
305,Maceio,BR,2022-01-13 02:55:29,-9.6658,-35.7353,78.24,88,20,2.3,few clouds
306,Wanning,CN,2022-01-13 02:55:29,18.8003,110.3967,72.77,75,96,7.14,overcast clouds
307,Magadan,RU,2022-01-13 02:55:29,59.5667,150.8,4.53,80,57,7.2,broken clouds
308,Le Port,RE,2022-01-13 02:55:29,-20.9373,55.2919,77.61,81,99,9.82,light rain
309,Henties Bay,NA,2022-01-13 02:55:30,-22.116,14.2845,63.86,82,100,2.64,overcast clouds
310,Menongue,AO,2022-01-13 02:55:30,-14.6585,17.691,58.86,87,100,5.64,moderate rain
311,Krasnoselkup,RU,2022-01-13 02:55:30,65.7,82.4667,-6.14,97,100,17.31,overcast clouds
312,Egvekinot,RU,2022-01-13 02:55:31,66.3167,-179.1667,-13.61,88,10,9.55,clear sky
313,Sahuaripa,MX,2022-01-13 02:55:31,29.05,-109.2333,62.35,45,40,1.48,scattered clouds
314,Kalmunai,LK,2022-01-13 02:55:31,7.4167,81.8167,78.82,82,54,3.11,broken clouds
315,Gambo,CF,2022-01-13 02:55:32,4.6482,22.2633,69.33,85,100,1.36,overcast clouds
316,Londoko,RU,2022-01-13 02:55:32,49.0333,131.9833,0.46,85,100,4.94,overcast clouds
317,Moindou,NC,2022-01-13 02:55:32,-21.6924,165.677,80.55,77,65,16.96,broken clouds
318,Hawalli,KW,2022-01-13 02:55:32,29.2833,47.9972,59.58,97,71,8.01,fog
319,Yelabuga,RU,2022-01-13 02:55:33,55.7613,52.0649,13.55,92,96,4.36,overcast clouds
320,Qui Nhon,VN,2022-01-13 02:56:33,13.7667,109.2333,75.4,78,100,12.95,overcast clouds
321,Kununurra,AU,2022-01-13 02:56:33,-15.7667,128.7333,80.58,89,75,5.75,broken clouds
322,Digby,CA,2022-01-13 02:56:34,44.6169,-65.7655,33.31,90,100,7.2,snow
323,Tuatapere,NZ,2022-01-13 02:56:34,-46.1333,167.6833,60.82,56,9,7.43,clear sky
324,Mount Gambier,AU,2022-01-13 02:56:34,-37.8333,140.7667,75.11,64,40,16.11,scattered clouds
325,Kamaishi,JP,2022-01-13 02:56:35,39.2667,141.8833,34.75,63,27,19.75,scattered clouds
326,Araria,IN,2022-01-13 02:56:35,26.15,87.5167,62.74,76,0,5.79,clear sky
327,Mehamn,NO,2022-01-13 02:56:35,71.0357,27.8492,36.05,76,100,27.18,overcast clouds
328,Rocha,UY,2022-01-13 02:56:36,-34.4833,-54.3333,61.79,93,0,4.61,clear sky
329,Atambua,ID,2022-01-13 02:56:36,-9.1061,124.8925,81.52,76,95,8.12,light rain
330,Gao,ML,2022-01-13 02:56:36,16.6362,1.637,66.49,8,4,7.83,clear sky
331,Vallenar,CL,2022-01-13 02:56:36,-28.5708,-70.7581,72.0,56,45,3.22,scattered clouds
332,Las Vegas,US,2022-01-13 02:56:37,36.175,-115.1372,59.68,32,100,1.99,overcast clouds
333,Zyryanka,RU,2022-01-13 02:56:37,65.75,150.85,-28.97,98,100,3.13,overcast clouds
334,Sangar,RU,2022-01-13 02:56:38,63.9242,127.4739,-28.77,97,75,4.41,broken clouds
335,Bilma,NE,2022-01-13 02:56:38,18.6853,12.9164,61.54,10,0,8.41,clear sky
336,Jadu,LY,2022-01-13 02:56:38,31.953,12.0261,40.19,87,65,5.57,broken clouds
337,Olafsvik,IS,2022-01-13 02:56:38,64.8945,-23.7142,36.28,56,69,39.35,broken clouds
338,Itoman,JP,2022-01-13 02:56:39,26.1247,127.6694,59.4,77,75,17.27,broken clouds
339,Kincardine,GB,2022-01-13 02:56:39,56.0667,-3.7167,48.51,87,72,14.09,broken clouds
340,Husavik,IS,2022-01-13 02:56:39,66.0449,-17.3389,31.91,60,89,35.63,overcast clouds
341,Murray Bridge,AU,2022-01-13 02:54:33,-35.1167,139.2667,82.13,30,0,7.18,clear sky
342,Dudinka,RU,2022-01-13 02:54:15,69.4058,86.1778,-11.97,94,100,22.39,overcast clouds
343,Mahon,ES,2022-01-13 02:56:40,39.8885,4.2658,46.96,81,40,8.05,scattered clouds
344,Ushtobe,KZ,2022-01-13 02:56:40,45.2514,77.9838,33.12,54,100,3.87,overcast clouds
345,Petropavlovsk-Kamchatskiy,RU,2022-01-13 02:56:40,53.0452,158.6483,21.79,68,40,6.71,scattered clouds
346,Ajdabiya,LY,2022-01-13 02:56:41,30.7554,20.2263,55.29,77,88,6.55,overcast clouds
347,Thunder Bay,CA,2022-01-13 02:56:41,48.4001,-89.3168,11.55,78,100,2.3,overcast clouds
348,Tessalit,ML,2022-01-13 02:56:41,20.1986,1.0114,58.86,14,4,7.83,clear sky
349,Samarai,PG,2022-01-13 02:56:42,-10.6167,150.6667,85.39,72,89,15.23,overcast clouds
350,Taltal,CL,2022-01-13 02:56:42,-25.4,-70.4833,68.58,79,52,2.28,broken clouds
351,Ortona,IT,2022-01-13 02:56:42,42.3496,14.4039,41.16,63,6,15.64,clear sky
352,Sibolga,ID,2022-01-13 02:56:42,1.7427,98.7792,82.87,72,66,2.17,broken clouds
353,Cayenne,GF,2022-01-13 02:56:43,4.9333,-52.3333,75.09,92,0,2.3,clear sky
354,Port Keats,AU,2022-01-13 02:56:43,-14.25,129.55,78.3,86,100,6.4,light rain
355,Honiara,SB,2022-01-13 02:56:43,-9.4333,159.95,84.78,75,97,8.52,overcast clouds
356,Celestun,MX,2022-01-13 02:56:44,20.8667,-90.4,71.96,77,100,12.8,overcast clouds
357,Boquira,BR,2022-01-13 02:53:15,-12.8231,-42.7306,66.78,92,0,2.44,clear sky
358,Richards Bay,ZA,2022-01-13 02:56:44,-28.783,32.0377,70.99,88,30,6.69,scattered clouds
359,Kingston,JM,2022-01-13 02:56:44,17.997,-76.7936,77.95,78,20,6.91,few clouds
360,Varkkallai,IN,2022-01-13 02:56:45,8.7341,76.7067,80.38,78,17,6.15,few clouds
361,Bethanien,NA,2022-01-13 02:56:45,-26.502,17.1583,74.21,41,0,8.55,clear sky
362,Bilibino,RU,2022-01-13 02:56:45,68.0546,166.4372,-12.1,81,81,3.96,broken clouds
363,Cockburn Town,TC,2022-01-13 02:56:46,21.4612,-71.1419,76.41,73,2,13.82,clear sky
364,Buchanan,LR,2022-01-13 02:56:46,5.8808,-10.0467,76.96,85,84,5.39,broken clouds
365,Kahului,US,2022-01-13 02:55:44,20.8947,-156.47,79.86,90,20,11.01,few clouds
366,Grand Gaube,MU,2022-01-13 02:56:46,-20.0064,57.6608,82.38,82,100,5.01,overcast clouds
367,Gazojak,TM,2022-01-13 02:57:47,41.1875,61.4036,32.0,90,10,3.36,clear sky
368,Tongchuan,CN,2022-01-13 02:57:47,35.0806,109.0897,32.36,30,86,3.58,overcast clouds
369,Borogontsy,RU,2022-01-13 02:57:47,62.6683,131.1683,-19.07,96,100,4.05,overcast clouds
370,El Cobre,CU,2022-01-13 02:57:47,20.0489,-75.9469,69.44,87,10,1.5,clear sky
371,Saint-Joseph,RE,2022-01-13 02:57:48,-21.3667,55.6167,76.21,83,97,5.44,overcast clouds
372,Ardakan,IR,2022-01-13 02:57:48,32.31,54.0175,43.18,43,4,4.25,clear sky
373,Manado,ID,2022-01-13 02:57:48,1.487,124.8455,88.57,70,40,5.75,scattered clouds
374,Mugango,TZ,2022-01-13 02:57:49,-1.6833,33.7,65.21,54,94,5.66,overcast clouds
375,Daloa,CI,2022-01-13 02:57:49,6.8774,-6.4502,72.18,93,72,3.09,broken clouds
376,Bonavista,CA,2022-01-13 02:57:49,48.6499,-53.1147,22.12,73,80,18.32,broken clouds
377,Bouake,CI,2022-01-13 02:57:50,7.6895,-5.0218,77.11,69,6,9.22,clear sky
378,Narayangarh,IN,2022-01-13 02:57:50,30.4833,77.1333,52.77,78,35,0.76,scattered clouds
379,Coos Bay,US,2022-01-13 02:57:50,43.3665,-124.2179,55.15,100,82,4.65,broken clouds
380,Sembakung,ID,2022-01-13 02:57:50,3.8167,117.25,76.93,74,100,1.97,heavy intensity rain
381,Luwuk,ID,2022-01-13 02:57:51,-0.9516,122.7875,86.34,67,100,1.79,overcast clouds
382,Hay River,CA,2022-01-13 02:57:51,60.8156,-115.7999,1.38,78,100,2.3,light snow
383,Palana,RU,2022-01-13 02:57:51,59.1167,159.9667,4.51,84,5,6.33,clear sky
384,San Policarpo,PH,2022-01-13 02:57:52,12.1791,125.5072,79.57,67,100,18.5,overcast clouds
385,Hami,CN,2022-01-13 02:57:52,42.8,93.45,26.56,44,100,1.95,overcast clouds
386,Marawi,PH,2022-01-13 02:57:52,7.9986,124.2928,69.66,83,100,6.2,overcast clouds
387,Pacific Grove,US,2022-01-13 02:57:53,36.6177,-121.9166,60.31,65,100,1.01,overcast clouds
388,Namibe,AO,2022-01-13 02:57:53,-15.1961,12.1522,67.98,72,100,3.06,overcast clouds
389,Narsaq,GL,2022-01-13 02:57:53,60.9167,-46.05,0.14,83,10,8.86,clear sky
390,Saldanha,ZA,2022-01-13 02:57:54,-33.0117,17.9442,64.45,82,59,8.9,broken clouds
391,Tiksi,RU,2022-01-13 02:57:54,71.6872,128.8694,-16.02,96,100,5.48,overcast clouds
392,Matay,EG,2022-01-13 02:57:54,28.419,30.7792,53.91,48,64,6.26,broken clouds
393,Sarangani,PH,2022-01-13 02:57:55,5.4033,125.4636,82.17,74,52,11.92,broken clouds
394,Port Lincoln,AU,2022-01-13 02:57:55,-34.7333,135.8667,73.11,54,3,14.0,clear sky
395,Moyale,KE,2022-01-13 02:57:55,3.5167,39.0584,67.26,44,87,8.9,overcast clouds
396,Pavullo Nel Frignano,IT,2022-01-13 02:57:55,44.3315,10.835,35.49,25,0,63.28,clear sky
397,Vagur,FO,2022-01-13 02:57:56,61.4732,-6.8119,47.79,87,100,41.14,overcast clouds
398,Viedma,AR,2022-01-13 02:57:56,-40.8135,-62.9967,87.75,24,0,13.49,clear sky
399,Mahibadhoo,MV,2022-01-13 02:57:56,3.7833,72.9667,81.57,75,63,6.98,broken clouds
400,Tupik,RU,2022-01-13 02:57:57,54.4253,119.9327,-4.34,90,100,1.52,overcast clouds
401,Zarate,AR,2022-01-13 02:57:57,-34.0981,-59.0286,77.95,69,0,5.01,light rain
402,Victoria,HK,2022-01-13 02:57:36,22.2855,114.1577,64.26,70,100,1.01,overcast clouds
403,Whitefish,US,2022-01-13 02:57:57,48.4111,-114.3376,40.77,94,100,1.43,overcast clouds
404,Sabha,LY,2022-01-13 02:57:58,27.0377,14.4283,44.78,55,0,6.96,clear sky
405,Zhigalovo,RU,2022-01-13 02:57:58,54.8097,105.1578,5.7,97,100,2.71,overcast clouds
406,Tura,IN,2022-01-13 02:57:58,25.5198,90.2201,62.22,82,22,3.18,few clouds
407,Northam,GB,2022-01-13 02:57:58,51.0333,-4.2167,41.47,68,0,4.18,clear sky
408,Matagami,CA,2022-01-13 02:57:59,49.7502,-77.6328,-25.49,75,0,3.44,clear sky
409,Coracora,PE,2022-01-13 02:57:59,-15.0333,-73.7833,47.52,84,100,2.28,overcast clouds
410,Caraballeda,VE,2022-01-13 02:57:59,10.6112,-66.8522,77.07,78,75,0.0,broken clouds
411,Yaan,NG,2022-01-13 02:58:00,7.3833,8.5667,76.24,45,98,4.88,overcast clouds
412,Nome,US,2022-01-13 02:58:00,64.5011,-165.4064,-14.4,93,5,7.74,clear sky
413,Rundu,NA,2022-01-13 02:58:00,-17.9333,19.7667,68.72,81,100,3.8,overcast clouds
414,Tuy Hoa,VN,2022-01-13 02:58:01,13.0833,109.3,76.12,77,76,11.79,broken clouds
415,Dakar,SN,2022-01-13 02:55:23,14.6937,-17.4441,74.28,71,73,12.41,broken clouds
416,Oum Hadjer,TD,2022-01-13 02:59:01,13.2954,19.6966,71.17,18,65,9.01,broken clouds
417,Cravo Norte,CO,2022-01-13 02:59:02,6.3017,-70.2041,79.59,45,13,4.59,few clouds
418,Filadelfia,US,2022-01-13 02:55:10,39.9523,-75.1638,35.38,74,100,3.56,overcast clouds
419,Plettenberg Bay,ZA,2022-01-13 02:59:02,-34.0527,23.3716,64.87,91,82,2.64,broken clouds
420,Leningradskiy,RU,2022-01-13 02:59:02,69.3833,178.4167,-21.44,97,7,5.77,clear sky
421,North Creek,US,2022-01-13 02:59:03,47.8195,-122.1762,54.27,91,100,4.9,overcast clouds
422,Bemidji,US,2022-01-13 02:59:03,47.4736,-94.8803,27.91,86,100,0.0,overcast clouds
423,Gravdal,NO,2022-01-13 02:59:03,68.1214,13.5031,37.63,73,100,37.83,overcast clouds
424,Chama,CH,2022-01-13 02:59:04,47.1821,8.4636,29.89,90,100,0.0,overcast clouds
425,Nemuro,JP,2022-01-13 02:59:04,43.3236,145.575,32.43,77,74,25.34,broken clouds
426,Scarborough,GB,2022-01-13 02:56:49,54.2797,-0.4044,44.08,90,18,1.99,few clouds
427,Beloha,MG,2022-01-13 02:59:04,-25.1667,45.05,76.3,89,100,5.82,overcast clouds
428,Karratha,AU,2022-01-13 02:59:05,-20.7377,116.8463,111.69,14,74,19.66,broken clouds
429,Ulan-Ude,RU,2022-01-13 02:59:05,51.8261,107.6098,-16.71,76,100,0.0,smoke
430,San Angelo,US,2022-01-13 02:56:19,31.4638,-100.437,52.54,42,0,5.23,clear sky
431,Alta Floresta,BR,2022-01-13 02:59:05,-9.8756,-56.0861,70.21,99,100,2.86,overcast clouds
432,Awjilah,LY,2022-01-13 02:59:06,29.1081,21.2869,51.26,72,1,9.04,clear sky
433,Evensk,RU,2022-01-13 02:59:06,61.95,159.2333,-1.25,81,98,7.52,overcast clouds
434,Shambu,ET,2022-01-13 02:59:06,9.5667,37.1,53.1,69,100,3.51,overcast clouds
435,Zhigansk,RU,2022-01-13 02:59:07,66.7697,123.3711,-22.99,98,100,8.97,overcast clouds
436,Ahipara,NZ,2022-01-13 02:59:07,-35.1667,173.1667,74.35,56,3,3.87,clear sky
437,Mingshui,CN,2022-01-13 02:59:07,36.7167,117.5,30.16,29,0,6.33,clear sky
438,Sandpoint,US,2022-01-13 02:59:07,48.2766,-116.5533,39.45,94,100,0.0,fog
439,Nangomba,TZ,2022-01-13 02:59:08,-10.9,38.5,74.41,82,99,7.85,overcast clouds
440,Paungde,MM,2022-01-13 02:59:08,18.4833,95.5,78.08,49,72,3.15,broken clouds
441,Xichang,CN,2022-01-13 02:59:08,27.8964,102.2634,43.39,88,99,1.77,overcast clouds
442,Muros,ES,2022-01-13 02:59:09,42.7762,-9.0603,49.84,86,7,6.96,clear sky
443,Smithers,CA,2022-01-13 02:59:09,54.7804,-127.1743,32.32,100,100,5.75,overcast clouds
444,Hofn,IS,2022-01-13 02:59:09,64.2539,-15.2082,35.62,69,58,14.05,broken clouds
445,Manggar,ID,2022-01-13 02:59:10,-2.8833,108.2667,79.84,82,100,9.08,overcast clouds
446,Marsabit,KE,2022-01-13 02:59:10,2.3284,37.9899,65.17,49,80,9.22,broken clouds
447,Lichuan,CN,2022-01-13 02:59:10,30.3,108.85,37.51,70,92,5.37,overcast clouds
448,Oktyabrskiy,RU,2022-01-13 02:59:10,54.4815,53.471,5.86,94,92,4.76,overcast clouds
449,Corner Brook,CA,2022-01-13 02:59:11,48.9667,-57.9484,25.21,91,100,7.58,overcast clouds
450,Hirara,JP,2022-01-13 02:59:11,24.8,125.2833,62.46,88,75,6.91,broken clouds
451,Port Macquarie,AU,2022-01-13 02:58:34,-31.4333,152.9167,80.89,63,33,9.01,scattered clouds
452,Noto,IT,2022-01-13 02:59:11,36.8901,15.0693,52.09,80,100,22.62,overcast clouds
453,Adiake,CI,2022-01-13 02:59:12,5.2863,-3.304,81.99,85,74,6.08,broken clouds
454,Latung,PH,2022-01-13 02:59:12,5.5,120.8833,81.77,76,87,14.58,overcast clouds
455,Gat,IL,2022-01-13 02:59:03,31.61,34.7642,59.4,48,99,6.02,overcast clouds
456,Debre Tabor,ET,2022-01-13 02:59:12,11.85,38.0167,52.11,55,55,4.81,broken clouds
457,Westport,US,2022-01-13 02:59:13,41.1415,-73.3579,35.94,79,74,1.01,broken clouds
458,Suez,EG,2022-01-13 02:58:26,29.9737,32.5263,55.08,38,100,3.85,overcast clouds
459,Havre-Saint-Pierre,CA,2022-01-13 02:59:13,50.2334,-63.5986,14.59,85,100,4.61,overcast clouds
460,Sao Felix Do Xingu,BR,2022-01-13 02:59:13,-6.6447,-51.995,69.13,99,98,0.38,overcast clouds
461,Horsham,GB,2022-01-13 02:59:14,51.064,-0.3272,41.63,94,13,1.14,fog
462,Los Llanos De Aridane,ES,2022-01-13 03:00:15,28.6585,-17.9182,56.95,65,0,10.0,clear sky
463,Presidente Epitacio,BR,2022-01-13 03:00:19,-21.7633,-52.1156,71.85,83,87,6.62,overcast clouds
464,Vinh,VN,2022-01-13 03:00:21,18.6667,105.6667,65.89,87,100,4.68,overcast clouds
465,Quincy,US,2022-01-13 03:00:24,42.2529,-71.0023,37.09,61,99,1.99,overcast clouds
466,Udachnyy,RU,2022-01-13 03:00:26,66.4167,112.4,-35.9,100,99,2.13,overcast clouds
467,Mpika,ZM,2022-01-13 03:00:26,-11.8343,31.4529,60.26,91,100,0.96,overcast clouds
468,Johi,PK,2022-01-13 03:00:31,26.6921,67.6133,57.94,50,0,1.66,clear sky
469,Catamarca,AR,2022-01-13 03:00:32,-28.4696,-65.7852,83.05,28,4,11.56,clear sky
470,Barcelos,PT,2022-01-13 03:00:34,41.5388,-8.6151,50.85,54,0,7.27,clear sky
471,Gori,GE,2022-01-13 03:00:35,41.9842,44.1158,37.74,95,100,5.68,overcast clouds
472,Nyrob,RU,2022-01-13 03:00:35,60.733,56.7202,-15.34,100,93,4.61,overcast clouds
473,Taunggyi,MM,2022-01-13 03:00:36,20.7833,97.0333,66.7,40,2,3.33,clear sky
474,Zhangjiakou,CN,2022-01-13 03:00:23,40.81,114.8794,17.94,42,0,4.34,clear sky
475,Valer,NO,2022-01-13 03:00:38,60.6785,11.8331,37.9,91,100,4.61,overcast clouds
476,Yulara,AU,2022-01-13 03:00:39,-25.2406,130.9889,102.61,11,0,13.87,clear sky
477,Bambanglipuro,ID,2022-01-13 03:00:40,-7.95,110.2833,83.82,67,97,3.04,overcast clouds
478,Chimbote,PE,2022-01-13 03:00:40,-9.0853,-78.5783,69.96,81,99,6.82,overcast clouds
479,Dubbo,AU,2022-01-13 03:00:42,-32.25,148.6167,84.33,58,40,6.91,scattered clouds
480,Buin,CL,2022-01-13 03:00:42,-33.7333,-70.75,74.73,71,3,3.67,clear sky
481,Mecca,SA,2022-01-13 02:57:48,21.4267,39.8261,73.51,77,1,2.13,clear sky
482,Moosomin,CA,2022-01-13 03:00:43,50.1333,-101.6677,30.34,82,90,14.25,overcast clouds
483,Honningsvag,NO,2022-01-13 03:00:43,70.9821,25.9704,37.17,73,100,28.81,overcast clouds
484,The Pas,CA,2022-01-13 03:00:31,53.8251,-101.2541,-0.8,99,97,3.53,overcast clouds
485,Pasni,PK,2022-01-13 03:00:44,25.2631,63.471,65.25,42,0,9.08,clear sky
486,Deputatskiy,RU,2022-01-13 03:00:44,69.3,139.9,-14.94,100,100,1.28,overcast clouds
487,Rudnogorsk,RU,2022-01-13 03:00:44,57.2639,103.7519,-14.67,100,100,1.9,overcast clouds
488,Ures,MX,2022-01-13 03:00:45,29.4333,-110.4,70.84,35,100,4.23,overcast clouds
489,Sungaipenuh,ID,2022-01-13 03:00:45,-2.0833,101.3833,76.84,63,53,0.63,broken clouds
490,Chumikan,RU,2022-01-13 03:00:46,54.7183,135.315,3.02,82,100,6.78,overcast clouds
491,Oistins,BB,2022-01-13 02:58:55,13.0667,-59.5333,77.09,69,75,9.22,broken clouds
492,Areosa,PT,2022-01-13 03:00:46,41.7178,-8.8571,51.24,51,0,8.75,clear sky
493,Novikovo,RU,2022-01-13 03:00:46,51.1537,37.8879,3.67,96,86,7.63,overcast clouds
494,Navoi,UZ,2022-01-13 03:00:47,40.0844,65.3792,38.68,87,100,6.91,overcast clouds
495,Takoradi,GH,2022-01-13 03:00:47,4.8845,-1.7554,80.06,82,100,7.52,light rain
496,Oktyabrskoye,RU,2022-01-13 03:00:47,43.0645,44.7417,33.94,100,100,8.95,mist
497,Tyrma,RU,2022-01-13 03:00:48,50.0833,132.1667,0.91,88,100,2.84,overcast clouds
498,Andenes,NO,2022-01-13 03:00:48,69.3143,16.1194,35.58,80,75,34.52,broken clouds
499,Genhe,CN,2022-01-13 03:00:49,50.7833,121.5167,-6.54,86,44,2.98,scattered clouds
500,Prince Rupert,CA,2022-01-13 03:00:49,54.3161,-130.3201,35.69,100,100,3.44,fog
501,Santa Rosalia,MX,2022-01-13 03:00:49,27.3167,-112.2833,64.49,42,93,5.19,overcast clouds
502,Broken Hill,AU,2022-01-13 03:00:50,-31.95,141.4333,105.03,15,57,15.23,broken clouds
503,Diamantino,BR,2022-01-13 02:57:47,-14.4086,-56.4461,71.51,92,94,4.43,overcast clouds
504,Puerto Montt,CL,2022-01-13 03:00:50,-41.4698,-72.9447,53.6,95,0,3.62,clear sky
505,Sukhaya Buyvola,RU,2022-01-13 03:00:51,45.1533,42.9956,21.31,91,100,13.67,snow
506,Kita,ML,2022-01-13 03:00:51,13.0349,-9.4895,72.45,15,76,3.96,broken clouds
507,Roald,NO,2022-01-13 03:00:51,62.5833,6.1333,49.33,93,100,42.57,drizzle
508,Finschhafen,PG,2022-01-13 03:00:52,-6.6024,147.8681,86.45,71,44,8.93,scattered clouds
509,Fare,PF,2022-01-13 03:00:52,-16.7,-151.0167,76.84,87,100,16.44,light rain
510,Aklavik,CA,2022-01-13 03:01:53,68.2191,-135.0107,-10.28,97,100,1.59,overcast clouds
511,Boende,CD,2022-01-13 03:01:54,-0.2167,20.8667,75.09,78,100,1.77,overcast clouds
512,Kupino,RU,2022-01-13 03:01:54,54.3663,77.2981,-17.09,100,100,2.1,overcast clouds
513,Chippewa Falls,US,2022-01-13 03:00:01,44.9369,-91.3929,29.34,98,100,1.9,overcast clouds
514,Nanchang,CN,2022-01-13 03:00:05,28.6833,115.8833,48.81,37,99,12.66,overcast clouds
515,San Quintin,MX,2022-01-13 03:01:55,30.4833,-115.95,64.67,36,100,3.62,overcast clouds
516,Kaeo,NZ,2022-01-13 03:01:55,-35.1,173.7833,76.32,63,0,14.45,clear sky
517,Manzhouli,CN,2022-01-13 03:01:55,49.6,117.4333,2.41,74,34,3.31,scattered clouds
518,Charleston,US,2022-01-13 03:00:40,32.7766,-79.9309,45.01,96,75,0.0,broken clouds
519,Novobiryusinskiy,RU,2022-01-13 03:01:56,56.9578,97.7076,-16.62,100,100,0.56,overcast clouds
520,Vestmannaeyjar,IS,2022-01-13 03:01:56,63.4427,-20.2734,39.07,60,100,37.74,light rain
521,Ilhabela,BR,2022-01-13 03:01:56,-23.7781,-45.3581,74.32,92,99,3.38,overcast clouds
522,Kalofer,BG,2022-01-13 03:01:57,42.6167,24.9833,16.68,83,39,3.89,scattered clouds
523,Yar-Sale,RU,2022-01-13 03:01:57,66.8333,70.8333,5.83,96,93,7.7,overcast clouds
524,Sarny,UA,2022-01-13 03:01:57,51.338,26.6019,20.41,95,90,10.13,overcast clouds
525,Road Town,VG,2022-01-13 03:01:58,18.4167,-64.6167,73.99,76,26,14.03,scattered clouds
526,Manbij,SY,2022-01-13 03:01:58,36.5281,37.9549,47.17,73,100,1.99,overcast clouds
527,Weiser,US,2022-01-13 03:01:58,44.251,-116.9693,33.03,88,98,1.01,overcast clouds
528,Tantangan,PH,2022-01-13 03:01:59,6.615,124.7489,89.1,55,97,2.01,overcast clouds
529,Bridlington,GB,2022-01-13 03:01:59,54.0831,-0.1919,43.7,86,9,12.48,clear sky
530,Kunda,IN,2022-01-13 03:01:59,25.7167,81.5167,55.45,67,58,2.28,broken clouds
531,Hervey Bay,AU,2022-01-13 03:02:00,-25.2986,152.8535,84.02,59,27,5.99,scattered clouds
532,Pingliang,CN,2022-01-13 03:02:00,35.5392,106.6861,26.74,41,50,6.69,scattered clouds
533,Roros,NO,2022-01-13 03:02:00,62.5747,11.3842,40.84,70,75,21.85,light rain
534,Tual,ID,2022-01-13 03:02:01,-5.6667,132.75,83.17,75,99,14.72,overcast clouds
535,Lagoa Vermelha,BR,2022-01-13 03:02:01,-28.2086,-51.5258,61.18,75,0,5.28,clear sky
536,Guiratinga,BR,2022-01-13 03:02:01,-16.3494,-53.7583,68.47,96,72,6.15,broken clouds
537,Antofagasta,CL,2022-01-13 03:02:02,-23.65,-70.4,67.64,83,94,6.08,overcast clouds
538,Ciudad Bolivar,VE,2022-01-13 03:02:02,8.1222,-63.5497,79.56,63,86,13.42,overcast clouds
539,Hope,US,2022-01-13 03:01:58,33.6671,-93.5916,51.85,73,92,5.61,overcast clouds
540,Piranhas,BR,2022-01-13 03:02:03,-16.4269,-51.8222,70.0,98,100,6.4,overcast clouds
541,Cali,CO,2022-01-13 03:00:27,3.4372,-76.5225,71.6,73,40,8.05,scattered clouds
542,Talcahuano,CL,2022-01-13 03:02:03,-36.7167,-73.1167,57.38,92,2,4.7,clear sky
543,Mana,GF,2022-01-13 03:02:03,5.6592,-53.7767,75.58,88,11,4.25,few clouds
544,Jefferson City,US,2022-01-13 03:00:27,38.5767,-92.1735,48.13,52,85,3.0,overcast clouds
545,Kimbe,PG,2022-01-13 03:02:04,-5.5502,150.1429,84.72,75,36,6.15,light rain
546,Mirnyy,RU,2022-01-13 03:02:04,62.5353,113.9611,-12.53,99,100,2.39,overcast clouds
547,Saint Anthony,US,2022-01-13 03:02:04,45.0205,-93.218,33.15,82,100,0.0,overcast clouds
548,Taihe,CN,2022-01-13 03:02:05,30.8712,105.3845,51.08,38,81,5.1,broken clouds
549,Madang,PG,2022-01-13 03:02:05,-5.2246,145.7966,86.7,68,76,8.61,broken clouds
550,Emba,KZ,2022-01-13 03:02:05,48.8264,58.1442,2.77,94,17,8.1,few clouds
551,Vung Tau,VN,2022-01-13 02:59:53,10.346,107.0843,78.17,70,96,16.67,overcast clouds
552,Zhanaozen,KZ,2022-01-13 03:03:06,43.3,52.8,29.86,89,22,13.44,few clouds
553,Kaili,ID,2022-01-13 03:03:06,-3.4626,120.2147,78.13,71,97,3.02,overcast clouds
554,Samana,DO,2022-01-13 03:00:42,19.2056,-69.3369,71.35,86,7,4.68,clear sky
555,Sandwick,GB,2022-01-13 03:03:06,60.0,-1.25,48.07,93,75,35.68,broken clouds
556,Krasnyy Chikoy,RU,2022-01-13 03:03:07,50.3643,108.7512,3.7,79,100,1.43,overcast clouds
557,Floresta,BR,2022-01-13 03:03:07,-8.6011,-38.5686,76.68,69,44,5.14,scattered clouds
558,Zatoka,UA,2022-01-13 03:03:07,46.0725,30.4654,12.74,68,0,18.52,clear sky
559,Pandan Niog,PH,2022-01-13 03:03:08,6.2282,120.5631,81.28,79,96,20.71,overcast clouds
560,Sergeyevka,KZ,2022-01-13 03:03:08,53.88,67.4158,-15.32,100,76,3.15,broken clouds
561,Pasaje,EC,2022-01-13 03:03:08,-3.3333,-79.8167,75.43,88,96,2.01,overcast clouds
562,Abilene,US,2022-01-13 03:00:09,32.4487,-99.7331,55.89,62,2,4.76,clear sky
563,Longyearbyen,SJ,2022-01-13 03:03:09,78.2186,15.6401,31.84,93,75,10.36,light snow
564,Whyalla,AU,2022-01-13 03:03:09,-33.0333,137.5833,74.03,57,0,13.18,clear sky
565,Bartica,GY,2022-01-13 03:03:09,6.4,-58.6167,71.13,97,100,2.1,overcast clouds
566,Caconda,AO,2022-01-13 03:03:09,-13.7333,15.0667,59.43,89,100,3.49,overcast clouds
567,Zhezkazgan,KZ,2022-01-13 03:03:10,47.8043,67.7144,15.78,92,100,8.95,overcast clouds
568,Bacalar,MX,2022-01-13 03:03:10,18.6667,-88.3833,69.01,93,4,2.64,clear sky
569,Havixbeck,DE,2022-01-13 03:03:10,51.9833,7.4167,37.31,96,6,7.85,clear sky
570,Adrar,MR,2022-01-13 03:02:18,20.5022,-10.0711,61.97,16,97,9.31,overcast clouds
571,Khipro,PK,2022-01-13 03:03:11,25.8285,69.3772,57.94,43,0,4.83,clear sky
572,Ballitoville,ZA,2022-01-13 03:03:11,-29.539,31.2144,73.17,80,84,6.02,broken clouds
573,Muhos,FI,2022-01-13 03:03:11,64.808,25.9931,33.89,81,100,11.12,overcast clouds
574,Faya,SA,2022-01-13 03:03:12,18.3851,42.4509,54.21,71,23,2.86,few clouds
575,Nouadhibou,MR,2022-01-13 03:03:12,20.931,-17.0347,67.15,58,95,8.14,overcast clouds
576,Lethem,GY,2022-01-13 03:03:12,3.3803,-59.7968,80.58,59,99,9.04,overcast clouds
577,Codrington,AU,2022-01-13 03:03:13,-38.2667,141.9667,80.69,53,84,6.8,broken clouds
578,Kolokani,ML,2022-01-13 03:03:13,13.5728,-8.0339,69.51,16,33,8.61,scattered clouds
579,Letterkenny,IE,2022-01-13 03:03:13,54.95,-7.7333,40.32,96,100,4.74,overcast clouds
580,Seydi,TM,2022-01-13 03:03:14,39.4816,62.9137,39.31,81,5,2.98,clear sky
581,Key West,US,2022-01-13 03:01:38,24.5557,-81.7826,73.0,76,13,13.04,few clouds
582,Ulaangom,MN,2022-01-13 03:03:14,49.9811,92.0667,-11.49,95,100,0.72,overcast clouds
583,Lyuban,BY,2022-01-13 03:03:14,52.7985,28.0048,18.0,96,85,8.7,overcast clouds
584,Coahuayana,MX,2022-01-13 03:03:15,18.7333,-103.6833,73.9,70,92,1.12,overcast clouds
585,Eureka,US,2022-01-13 03:03:15,40.8021,-124.1637,55.2,82,12,1.01,few clouds
586,Belmonte,BR,2022-01-13 03:03:15,-15.8631,-38.8828,75.85,85,5,4.03,clear sky
587,Sao Joao Da Barra,BR,2022-01-13 03:03:16,-21.6403,-41.0511,74.46,94,11,7.16,few clouds
588,Chase,CA,2022-01-13 03:03:16,50.8165,-119.6857,37.15,99,100,3.38,overcast clouds
589,San Juan,AR,2022-01-13 03:00:32,-31.5375,-68.5364,93.38,18,81,18.3,broken clouds
590,Vila Franca Do Campo,PT,2022-01-13 03:03:16,37.7167,-25.4333,57.61,83,7,11.18,clear sky
591,Naica,MX,2022-01-13 03:03:17,27.85,-105.4833,55.06,28,34,5.66,scattered clouds
592,Challans,FR,2022-01-13 03:03:17,46.8436,-1.8749,44.51,90,0,10.74,clear sky
593,Fort Nelson,CA,2022-01-13 03:00:30,58.8053,-122.7002,6.51,97,100,0.78,overcast clouds
594,Belyy Yar,RU,2022-01-13 03:03:17,53.6039,91.3903,12.09,78,75,4.47,light shower snow
595,Katrineholm,SE,2022-01-13 03:03:18,58.9959,16.2072,43.74,87,100,13.11,overcast clouds
596,Tautira,PF,2022-01-13 03:03:18,-17.7333,-149.15,75.22,89,100,18.03,moderate rain
597,Kahramanmaras,TR,2022-01-13 03:03:18,38.0,37.0,34.43,100,100,1.77,overcast clouds
598,Uige,AO,2022-01-13 03:03:18,-7.6087,15.0613,67.39,100,100,1.88,overcast clouds
599,Omsukchan,RU,2022-01-13 03:04:19,62.5333,155.8,-11.16,95,41,6.22,scattered clouds
600,Asau,RO,2022-01-13 03:04:19,46.4333,26.4,13.95,87,48,3.71,scattered clouds
601,Baykit,RU,2022-01-13 03:04:19,61.67,96.37,-26.7,100,76,1.77,broken clouds
602,Ulukulevo,RU,2022-01-13 03:04:20,54.4355,56.3221,-12.75,100,47,3.4,scattered clouds
603,Serowe,BW,2022-01-13 03:04:20,-22.3833,26.7167,65.89,91,87,10.13,overcast clouds
604,Jiujiang,CN,2022-01-13 03:03:24,29.7333,115.9833,45.45,43,42,16.44,scattered clouds
605,Sorland,NO,2022-01-13 03:04:20,67.667,12.6934,39.18,64,64,37.29,broken clouds
606,Tubmanburg,LR,2022-01-13 03:04:21,6.8708,-10.8172,73.67,95,60,1.79,broken clouds
607,Migori,KE,2022-01-13 03:00:46,-1.0634,34.4731,58.42,48,96,7.0,overcast clouds
608,Milkovo,RU,2022-01-13 03:04:21,54.7167,158.6167,6.4,93,100,2.13,overcast clouds
609,Kangaatsiaq,GL,2022-01-13 03:04:21,68.3065,-53.4641,0.55,96,85,8.1,overcast clouds
610,Terenos,BR,2022-01-13 03:04:22,-20.4422,-54.8603,73.11,83,40,13.8,scattered clouds
611,Lata,PT,2022-01-13 03:04:22,40.1629,-8.3327,49.71,74,0,5.06,clear sky
612,Dalvik,IS,2022-01-13 03:04:22,65.9702,-18.5286,30.92,64,71,36.26,broken clouds
613,Belaya Gora,RU,2022-01-13 03:04:23,68.5333,146.4167,-27.62,99,100,1.14,overcast clouds
614,Conway,US,2022-01-13 03:04:23,35.0887,-92.4421,53.4,59,100,0.0,overcast clouds
615,Ler,SS,2022-01-13 03:00:33,8.3018,30.1418,83.52,33,92,3.65,overcast clouds
616,Nhulunbuy,AU,2022-01-13 03:04:23,-12.2333,136.7667,88.41,66,40,11.5,scattered clouds
617,Urdoma,RU,2022-01-13 03:04:24,61.7533,48.5442,2.35,96,97,10.65,overcast clouds
618,Tezu,IN,2022-01-13 03:04:24,27.9167,96.1667,60.01,92,100,1.41,light rain
619,Flin Flon,CA,2022-01-13 03:00:32,54.7682,-101.865,-0.58,99,90,3.02,overcast clouds
620,Cabra,ES,2022-01-13 03:04:24,37.4725,-4.4421,43.18,67,0,2.93,clear sky
621,Merritt Island,US,2022-01-13 03:03:27,28.5392,-80.672,68.99,72,100,4.61,overcast clouds
622,Marsh Harbour,BS,2022-01-13 03:04:25,26.5412,-77.0636,70.88,67,62,11.81,broken clouds
623,Grindavik,IS,2022-01-13 03:04:25,63.8424,-22.4338,32.47,93,75,29.93,light shower snow
624,Vigia,BR,2022-01-13 03:04:25,-0.8583,-48.1417,73.45,90,98,4.92,overcast clouds
625,Port Augusta,AU,2022-01-13 03:04:26,-32.5,137.7667,93.7,35,0,14.07,clear sky
626,Sangmelima,CM,2022-01-13 03:04:26,2.9333,11.9833,68.25,93,100,3.33,overcast clouds
627,Shahr-E Babak,IR,2022-01-13 03:04:26,30.1165,55.1186,40.42,54,2,2.84,clear sky
628,Daru,PG,2022-01-13 03:04:26,-9.0763,143.2092,84.4,74,96,3.89,overcast clouds
629,Amazar,RU,2022-01-13 03:04:27,53.858,120.875,-5.85,90,100,3.06,overcast clouds
630,Bereda,ES,2022-01-13 03:04:27,43.2686,-7.5406,38.41,100,3,2.33,clear sky
631,Maun,BW,2022-01-13 03:04:27,-19.9833,23.4167,70.14,80,99,10.71,overcast clouds
632,Izumo,JP,2022-01-13 03:04:28,35.3667,132.7667,39.09,65,100,22.64,overcast clouds
633,Bagn,NO,2022-01-13 03:04:28,60.8225,9.5521,48.74,75,14,21.0,few clouds
634,Rawson,AR,2022-01-13 03:01:10,-43.3002,-65.1023,70.77,60,0,6.55,clear sky
635,Lasa,IT,2022-01-13 03:04:28,46.6166,10.7002,26.37,57,1,6.33,clear sky
636,Aksu,CN,2022-01-13 03:04:29,41.1231,80.2644,22.15,55,10,1.9,clear sky
637,Batagay-Alyta,RU,2022-01-13 03:04:29,67.8006,130.4114,-15.9,98,100,2.62,overcast clouds
638,Ashington,GB,2022-01-13 03:04:29,50.9331,-0.3909,41.14,84,11,0.98,few clouds
639,Eyl,SO,2022-01-13 03:04:29,7.9803,49.8164,70.97,75,88,14.61,overcast clouds
640,Tahoua,NE,2022-01-13 03:04:30,14.8888,5.2692,67.17,9,5,9.46,clear sky
641,Akdepe,TM,2022-01-13 03:04:30,42.0551,59.3788,32.0,90,27,4.99,scattered clouds
642,Magadi,IN,2022-01-13 03:04:30,12.9667,77.2333,73.45,70,78,4.12,broken clouds
643,Libreville,GA,2022-01-13 03:02:13,0.3925,9.4537,78.31,86,100,7.11,overcast clouds
644,Bageshwar,IN,2022-01-13 03:04:31,29.85,79.7667,46.99,63,100,0.67,overcast clouds
645,Noumea,NC,2022-01-13 03:03:03,-22.2763,166.4572,82.0,99,54,16.93,broken clouds
646,Banjarmasin,ID,2022-01-13 03:04:31,-3.3244,114.591,77.14,93,100,0.87,overcast clouds
647,Lahaina,US,2022-01-13 03:04:31,20.8783,-156.6825,80.35,92,5,5.17,clear sky
648,Manaus,BR,2022-01-13 03:04:32,-3.1019,-60.025,79.29,94,75,5.75,broken clouds
649,Acapulco,MX,2022-01-13 03:05:32,16.8634,-99.8901,78.62,83,0,3.44,clear sky
650,Nan,TH,2022-01-13 03:05:32,18.8333,100.6667,77.85,48,98,1.16,overcast clouds
651,Bonthe,SL,2022-01-13 03:05:33,7.5264,-12.505,79.47,82,9,6.49,clear sky
652,Sapatgram,IN,2022-01-13 03:05:33,26.3334,90.109,62.55,79,49,8.72,scattered clouds
653,Campbellton,CA,2022-01-13 03:05:30,48.0075,-66.6727,10.85,97,100,1.99,overcast clouds
654,Katherine,AU,2022-01-13 03:05:33,-14.4667,132.2667,75.52,94,75,10.36,heavy intensity shower rain
655,Abu Zabad,SD,2022-01-13 03:05:34,12.35,29.25,75.33,41,20,9.69,few clouds
656,Bitung,ID,2022-01-13 03:05:34,1.4451,125.1824,88.65,68,99,11.23,overcast clouds
657,Yingcheng,CN,2022-01-13 03:05:34,30.95,113.55,42.4,36,85,12.19,overcast clouds
658,Kunyang,CN,2022-01-13 03:05:34,27.6658,120.5658,52.39,49,70,6.13,broken clouds
659,Buala,SB,2022-01-13 03:05:35,-8.145,159.5921,83.03,83,100,12.06,moderate rain
660,Fukue,JP,2022-01-13 03:05:35,32.6881,128.8419,47.86,68,100,32.19,overcast clouds
661,Minab,IR,2022-01-13 03:05:35,27.1467,57.0801,51.3,67,0,2.53,clear sky
662,Fushun,CN,2022-01-13 03:00:53,41.8558,123.9233,17.31,56,6,6.62,clear sky
663,Arapiraca,BR,2022-01-13 03:05:36,-9.7525,-36.6611,72.86,87,55,4.45,broken clouds
664,Timbiqui,CO,2022-01-13 03:05:36,2.7717,-77.6654,74.88,92,90,3.62,light rain
665,Thoen,TH,2022-01-13 03:05:36,17.6129,99.2161,78.57,46,92,1.34,overcast clouds
666,Sharya,RU,2022-01-13 03:05:37,58.3686,45.5144,-4.97,100,82,2.55,broken clouds
667,Maubin,MM,2022-01-13 03:05:37,16.7333,95.65,77.16,51,62,5.32,broken clouds
668,Sheoganj,IN,2022-01-13 03:05:37,25.15,73.0667,52.32,58,0,3.04,clear sky
669,Khandyga,RU,2022-01-13 03:05:38,62.6667,135.6,-18.02,97,98,0.87,overcast clouds
670,Yazman,PK,2022-01-13 03:05:38,29.1212,71.7446,56.37,41,0,3.0,clear sky
671,Lewiston,US,2022-01-13 03:05:38,44.1003,-70.2148,33.31,78,100,5.75,overcast clouds
672,Fatehpur,IN,2022-01-13 03:05:39,25.9333,80.8,54.5,70,50,1.14,scattered clouds
673,Urusha,RU,2022-01-13 03:05:39,54.05,122.9,-8.32,87,99,1.74,overcast clouds
674,Guarapari,BR,2022-01-13 03:05:39,-20.6667,-40.4975,77.9,88,0,3.78,clear sky
675,Eqbaliyeh,IR,2022-01-13 03:05:39,35.3022,51.5358,49.82,54,41,4.21,scattered clouds
676,Osoyoos,CA,2022-01-13 03:05:40,49.0331,-119.4524,41.34,97,100,3.71,overcast clouds
677,Tamworth,GB,2022-01-13 03:05:40,52.634,-1.6959,39.45,94,0,3.0,clear sky
678,Imeni Poliny Osipenko,RU,2022-01-13 03:05:40,52.4201,136.4853,10.24,90,100,12.97,overcast clouds
